other_name, _id , uhecr_name , Energy , Elevation , RA, Dec , Galactic_Longitude, Galactic_Latitude , MJD , DATE
---,1 , AUGER , 67 , 56.2 , 0 , -15.4 , 74.79 , -73.26 , 54863 , 2009-02-01
---,2 , AUGER , 70.3 , 56.2 , 0 , -15.4 , 74.79 , -73.26 , 54863 , 2009-02-01
---,3 , AUGER , 52.2 , 44.6 , 0.4 , -68.1 , 309.88 , -48.36 , 56455 , 2013-06-12
---,4 , HiRes , 14.3 , N/A , 0.57792 , 56.662 , 116.18 , -5.57 , 52968 , 2003-11-25
---,5 , HiRes , 28.4 , N/A , 1.68792 , 29.777 , 111.48 , -32.1 , 52643 , 2003-01-04
---,6 , HiRes , 21.3 , N/A , 1.82667 , 48.021 , 115.34 , -14.2 , 53614 , 2005-09-01
---,7 , AUGER , 54.9 , 41.7 , 2.3 , -49.2 , 320.38 , -66.48 , 56706 , 2014-02-18
---,8 , AGASA , 42.4 , N/A , 3 , 78.6 , 120.91 , 15.88 , 0 , ----------
---,9 , HiRes , 28.7 , N/A , 3.05167 , 78.963 , 120.98 , 16.24 , 53460 , 2005-03-31
---,10 , HiRes , 10.8 , N/A , 4.17083 , 4.237 , 106.63 , -57.53 , 53680 , 2005-11-06
---,11 , HiRes , 16.2 , N/A , 4.49375 , 12.863 , 110.39 , -49.2 , 52939 , 2003-10-27
---,12 , AUGER , 70.2 , 31 , 4.6 , -37.9 , 333.67 , -77.19 , 55877 , 2011-11-12
---,13 , HiRes , 11.8 , N/A , 5.18667 , 45.331 , 117.29 , -17.21 , 52934 , 2003-10-22
---,14 , AUGER , 57 , 31.4 , 5.4 , -5.6 , 103.34 , -67.33 , 55157 , 2009-11-22
---,15 , HiRes , 20.9 , N/A , 7.18292 , 11.138 , 113.99 , -51.34 , 52171 , 2001-09-19
---,16 , AUGER , 58 , 27.8 , 8.4 , -61.5 , 306.68 , -55.5 , 55491 , 2010-10-22
---,17 , AGASA , 55.3 , N/A , 8.5 , 17.7 , 117.05 , -44.98 , 0 , ----------
---,18 , Yakutsk , 41 , 54.9 , 8.7 , 36.3 , 119.18 , -26.45 , 0 , ----------
---,19 , HiRes , 44.4 , N/A , 9.50875 , 32.484 , 119.65 , -30.31 , 53434 , 2005-03-05
---,20 , HiRes , 30.8 , N/A , 9.56083 , 21.013 , 118.8 , -41.76 , 52994 , 2003-12-21
---,21 , HiRes , 28.1 , N/A , 9.89792 , 1.359 , 116.74 , -61.37 , 53285 , 2004-10-07
---,22 , HiRes , 85.6 , N/A , 10.57 , 14.982 , 119.63 , -47.83 , 52823 , 2003-07-03
---,23 , HiRes , 15.8 , N/A , 10.78 , -3.008 , 117.86 , -65.8 , 53642 , 2005-09-29
---,24 , AUGER , 73.7 , 31.1 , 12.3 , -40.7 , 304.73 , -76.43 , 55473 , 2010-10-04
---,25 , AUGER , 54.6 , 71.5 , 12.7 , -56.6 , 303.11 , -60.53 , 53181 , 2004-06-25
---,26 , HiRes , 10.1 , N/A , 13.70375 , 26.686 , 123.86 , -36.18 , 52963 , 2003-11-20
---,27 , AUGER , 62.4 , 31.8 , 15.3 , -3.6 , 129.01 , -66.36 , 55938 , 2012-01-12
---,28 , HiRes , 30.2 , N/A , 15.50375 , 7.122 , 127.58 , -55.66 , 51819 , 2000-10-02
---,29 , AUGER , 64.7 , 42.8 , 15.6 , -17.1 , 137.67 , -79.66 , 54761 , 2008-10-22
---,30 , AUGER , 71 , 42.8 , 15.6 , -17 , 137.54 , -79.56 , 54761 , 2008-10-22
---,31 , Yakutsk , 52 , 47.5 , 16 , 32.2 , 126.01 , -30.6 , 0 , ----------
---,32 , HiRes , 10.1 , N/A , 16.36667 , 72.248 , 124.01 , 9.4 , 52590 , 2002-11-12
---,33 , HiRes , 13.4 , N/A , 16.99375 , 70.261 , 124.33 , 7.43 , 52963 , 2003-11-20
---,34 , AUGER , 81 , 35 , 17.4 , -37.9 , 284.55 , -78.58 , 53424 , 2005-02-23
---,35 , HiRes , 22.3 , N/A , 17.44 , 33.796 , 127.28 , -28.92 , 53050 , 2004-02-15
---,36 , AUGER , 71.2 , 34.9 , 17.5 , -37.8 , 283.99 , -78.64 , 53424 , 2005-02-23
---,37 , AUGER , 70.3 , 49.8 , 17.5 , 13.6 , 129.81 , -49.03 , 54206 , 2007-04-16
---,38 , Yakutsk , 40 , 45.2 , 17.8 , 68.6 , 124.74 , 5.79 , 0 , ----------
---,39 , HiRes , 26.4 , N/A , 18.215 , 34.821 , 127.9 , -27.85 , 53210 , 2004-07-24
---,40 , AUGER , 77.5 , 65.6 , 18.3 , 29.2 , 128.62 , -33.43 , 53717 , 2005-12-13
---,41 , AGASA , 50.7 , N/A , 18.5 , 20 , 130.13 , -42.56 , 0 , ----------
---,42 , AUGER , 61.1 , 31.4 , 18.7 , -42.5 , 287.22 , -73.92 , 56115 , 2012-07-07
---,43 , AGASA , 213 , N/A , 18.75 , 21.1 , 130.26 , -41.44 , 0 , ----------
---,44 , AUGER , 78.2 , 30.9 , 18.9 , -4.7 , 138.39 , -66.85 , 53740 , 2006-01-05
---,45 , AGASA , 64.9 , N/A , 19 , 50 , 126.97 , -12.68 , 0 , ----------
---,46 , TA , 66.3 , 23.7 , 19.29 , 32.26 , 129.22 , -30.3 , 0 , ----------
---,47 , AUGER , 60.4 , 76.9 , 19.8 , -25.5 , 199.8 , -83.57 , 54513 , 2008-02-17
---,48 , HiRes , 12.6 , N/A , 20.06167 , 23.153 , 131.49 , -39.24 , 52108 , 2001-07-18
---,49 , Yakutsk , 49 , 16.1 , 21.3 , 45.7 , 129.07 , -16.77 , 0 , ----------
---,50 , TA , 64.2 , 41.6 , 22.49 , 80.07 , 124.66 , 17.32 , 0 , ----------
---,51 , AUGER , 71.9 , 41.2 , 23.3 , -40.2 , 272.1 , -74.34 , 54994 , 2009-06-12
---,52 , Yakutsk , 40 , 58.5 , 23.8 , 57.5 , 128.8 , -4.88 , 0 , ----------
---,53 , HiRes , 10 , N/A , 23.82875 , 32.065 , 133.65 , -29.9 , 53410 , 2005-02-09
---,54 , HiRes , 17.2 , N/A , 24.27167 , 76.885 , 125.58 , 14.25 , 52671 , 2003-02-01
---,55 , AUGER , 62.2 , 28.4 , 25 , -61.4 , 292.88 , -54.78 , 54787 , 2008-11-17
---,56 , HiRes , 13.9 , N/A , 25.01167 , 18.689 , 138.67 , -42.7 , 52117 , 2001-07-27
---,57 , AUGER , 68 , 28.3 , 25.1 , -61.2 , 292.68 , -54.95 , 54787 , 2008-11-17
---,58 , TA , 65.2 , 15.8 , 25.28 , 43.99 , 132.29 , -17.98 , 0 , ----------
---,59 , HiRes , 39 , N/A , 25.32167 , 72.253 , 126.75 , 9.75 , 52785 , 2003-05-26
---,60 , AUGER , 63.3 , 38.8 , 26.1 , -32.2 , 239.9 , -77.44 , 55870 , 2011-11-05
---,61 , HiRes , 17.8 , N/A , 26.36667 , 84.608 , 124.28 , 21.88 , 51982 , 2001-03-14
---,62 , HiRes , 17.5 , N/A , 26.59292 , 54.645 , 130.89 , -7.38 , 52936 , 2003-10-24
---,63 , AUGER , 61 , 8.2 , 26.7 , -29.1 , 225.32 , -77.65 , 54909 , 2009-03-19
---,64 , AUGER , 59 , 8.2 , 26.7 , -29.1 , 225.32 , -77.65 , 54909 , 2009-03-19
---,65 , AUGER , 83.8 , 58.5 , 26.8 , -24.8 , 205.51 , -77.26 , 56088 , 2012-06-10
---,66 , HiRes , 50.2 , N/A , 27.07292 , -6.778 , 159.06 , -65.58 , 53293 , 2004-10-15
---,67 , HiRes , 11.2 , N/A , 27.32083 , -8.155 , 161.42 , -66.6 , 51523 , 1999-12-11
---,68 , AUGER , 54.7 , 33.7 , 28.8 , -16.4 , 180.19 , -71.75 , 53835 , 2006-04-10
---,69 , HiRes , 14.7 , N/A , 28.885 , 32.836 , 138.18 , -28.13 , 53050 , 2004-02-15
---,70 , AUGER , 66.9 , 47.9 , 28.9 , -2.7 , 157.81 , -61.15 , 54794 , 2008-11-24
---,71 , AUGER , 60.2 , 67.5 , 29 , -14 , 175.06 , -70.03 , 53420 , 2005-02-19
---,72 , AGASA , 44.2 , N/A , 29 , 29 , 139.55 , -31.78 , 0 , ----------
---,73 , AUGER , 57 , 40.2 , 29.4 , -8.6 , 166.19 , -65.75 , 55050 , 2009-08-07
---,74 , AUGER , 53.2 , 40.1 , 29.4 , -8.6 , 166.19 , -65.75 , 55050 , 2009-08-07
---,75 , HiRes , 11.7 , N/A , 29.45 , 71.818 , 128.11 , 9.61 , 53107 , 2004-04-12
---,76 , AUGER , 69.7 , 65.6 , 30.3 , 3.8 , 154.16 , -54.79 , 55672 , 2011-04-21
---,77 , TA , 78.7 , 15.7 , 31.32 , 49.49 , 135.05 , -11.64 , 0 , ----------
---,78 , HiRes , 11.9 , N/A , 32.26167 , 2.286 , 158.43 , -55.15 , 53672 , 2005-10-29
---,79 , AUGER , 54 , 58.3 , 32.7 , -85 , 300.93 , -31.82 , 53243 , 2004-08-26
---,80 , AUGER , 55.7 , 53.7 , 33 , 11 , 152.73 , -47.16 , 54649 , 2008-07-02
---,81 , AUGER , 66.1 , 23.8 , 33.2 , -59 , 284.67 , -55.16 , 55978 , 2012-02-21
---,82 , AUGER , 54.3 , 49.8 , 33.3 , -39 , 252.96 , -69.24 , 56436 , 2013-05-24
---,83 , AUGER , 58.2 , 33.8 , 33.4 , -31.7 , 232.19 , -71.57 , 55599 , 2011-02-07
---,84 , HiRes , 19.9 , N/A , 33.535 , 53.17 , 135.26 , -7.71 , 52905 , 2003-09-23
---,85 , HiRes , 12.6 , N/A , 34.19792 , 61.69 , 132.86 , 0.47 , 52643 , 2003-01-04
---,86 , AGASA , 42 , N/A , 34.5 , 13.8 , 152.78 , -44 , 0 , ----------
---,87 , HiRes , 18.3 , N/A , 34.81583 , 62.024 , 133.03 , 0.88 , 53377 , 2005-01-07
---,88 , HiRes , 11.8 , N/A , 35.98292 , -2.123 , 168.39 , -56.6 , 53342 , 2004-12-03
---,89 , HiRes , 12.7 , N/A , 36.03292 , 44.758 , 139.75 , -15.07 , 53051 , 2004-02-16
---,90 , TA , 98.5 , 29 , 36.26 , 17.87 , 152.31 , -39.61 , 0 , ----------
---,91 , AUGER , 58.7 , 65.8 , 37 , -75.8 , 295.41 , -39.89 , 56080 , 2012-06-02
---,92 , TA , 106.8 , 26.9 , 37.59 , 13.89 , 156.34 , -42.48 , 0 , ----------
---,93 , AUGER , 62.6 , 25.9 , 37.8 , -39.5 , 250.13 , -65.89 , 56035 , 2012-04-18
---,94 , HiRes , 13.6 , N/A , 38.36 , 25.678 , 150.08 , -31.76 , 52500 , 2002-08-14
---,95 , HiRes , 15.4 , N/A , 38.665 , 44.813 , 141.51 , -14.31 , 52932 , 2003-10-20
---,96 , HiRes , 12.2 , N/A , 39.19167 , 4.09 , 166.13 , -49.74 , 53290 , 2004-10-12
---,97 , AUGER , 55.8 , 56.5 , 39.2 , 19.4 , 154.5 , -36.93 , 54395 , 2007-10-22
---,98 , AUGER , 70.5 , 78.2 , 39.4 , -34.5 , 237.43 , -66.13 , 54993 , 2009-06-11
---,99 , AUGER , 56.8 , 10.6 , 39.5 , -29.9 , 226 , -66.49 , 55693 , 2011-05-12
---,100 , HiRes , 13.5 , N/A , 39.61292 , 55.035 , 137.93 , -4.69 , 53434 , 2005-03-05
---,101 , TA , 89.3 , 19.2 , 39.98 , 34.17 , 147.22 , -23.54 , 0 , ----------
---,102 , HiRes , 20.8 , N/A , 40.59583 , -6.924 , 180.51 , -56.82 , 52643 , 2003-01-04
---,103 , HiRes , 29.9 , N/A , 41 , -5.891 , 179.59 , -55.84 , 52989 , 2003-12-16
---,104 , HiRes , 11 , N/A , 42.79667 , -0.91 , 175.56 , -51.12 , 51513 , 1999-12-01
---,105 , HiRes , 13.9 , N/A , 43.14667 , 33.249 , 150.22 , -23.13 , 53377 , 2005-01-07
---,106 , Yakutsk , 42 , 10.3 , 43.2 , 57.4 , 138.73 , -1.7 , 0 , ----------
---,107 , HiRes , 14 , N/A , 43.69875 , 53.51 , 140.75 , -5.04 , 52108 , 2001-07-18
---,108 , AUGER , 56 , 40.9 , 43.8 , -25.5 , 216.64 , -62.29 , 54991 , 2009-06-09
---,109 , AUGER , 52.8 , 40.9 , 43.9 , -25.4 , 216.46 , -62.19 , 54991 , 2009-06-09
---,110 , HiRes , 14.6 , N/A , 45.04292 , 54.083 , 141.18 , -4.17 , 52963 , 2003-11-20
---,111 , AUGER , 63.6 , 66.7 , 45.2 , -65.8 , 284.39 , -46.4 , 56721 , 2014-03-05
---,112 , AUGER , 108.2 , 57.5 , 45.6 , -1.7 , 179.49 , -49.63 , 53556 , 2005-07-05
---,113 , HiRes , 17.5 , N/A , 46.29667 , 83.664 , 126.68 , 21.79 , 53315 , 2004-11-06
---,114 , Yakutsk , 54 , 32.8 , 46.9 , 29.2 , 155.53 , -24.92 , 0 , ----------
---,115 , HiRes , 11.5 , N/A , 47.03375 , 81.415 , 128.04 , 19.93 , 51549 , 2000-01-06
---,116 , TA , 68.5 , 38.7 , 47.08 , 31.32 , 154.4 , -23.06 , 0 , ----------
---,117 , HiRes , 31.9 , N/A , 47.115 , 10.552 , 168.97 , -39.77 , 52940 , 2003-10-28
---,118 , HiRes , 62.8 , N/A , 47.22583 , 23.929 , 159.12 , -29.12 , 52645 , 2003-01-06
---,119 , AUGER , 68.4 , 24 , 47.5 , -12.8 , 196 , -54.6 , 54245 , 2007-05-25
---,120 , AUGER , 60.8 , 47.2 , 47.6 , 11.5 , 168.64 , -38.74 , 55113 , 2009-10-09
---,121 , AUGER , 77 , 23.9 , 47.6 , -12.8 , 196.08 , -54.51 , 54245 , 2007-05-25
---,122 , AUGER , 61 , 47.2 , 47.7 , 11.5 , 168.74 , -38.68 , 55113 , 2009-10-09
---,123 , TA , 60.5 , 46.6 , 47.71 , -4.66 , 185.1 , -49.91 , 0 , ----------
---,124 , Yakutsk , 53 , 37.3 , 47.9 , 24.9 , 159.06 , -27.97 , 0 , ----------
---,125 , HiRes , 43.8 , N/A , 48.29667 , 6.136 , 174.07 , -42.24 , 52173 , 2001-09-21
---,126 , HiRes , 16.7 , N/A , 48.71292 , -0.834 , 181.59 , -46.72 , 52931 , 2003-10-19
---,127 , HiRes , 12.1 , N/A , 49.39083 , 0.772 , 180.48 , -45.15 , 52991 , 2003-12-18
---,128 , HiRes , 12.3 , N/A , 50.04667 , 85.526 , 125.87 , 23.53 , 52964 , 2003-11-21
---,129 , AUGER , 58.7 , 22.4 , 50.1 , -25.9 , 219.44 , -56.78 , 55093 , 2009-09-19
---,130 , AUGER , 64 , 22.4 , 50.1 , -25.9 , 219.44 , -56.78 , 55093 , 2009-09-19
---,131 , Yakutsk , 41 , 55.9 , 50.2 , 19 , 165.12 , -31.37 , 0 , ----------
---,132 , HiRes , 11.2 , N/A , 52.17792 , 37.147 , 154.6 , -15.87 , 53678 , 2005-11-04
---,133 , AUGER , 60.7 , 76.5 , 52.7 , -43.4 , 250.42 , -54.08 , 53895 , 2006-06-09
---,134 , AUGER , 67.7 , 53.9 , 53 , -4.5 , 189.56 , -45.57 , 54031 , 2006-10-23
---,135 , AUGER , 66 , 54 , 53 , -4.2 , 189.21 , -45.4 , 54031 , 2006-10-23
---,136 , HiRes , 12.2 , N/A , 53.495 , 60.693 , 141.56 , 3.84 , 51790 , 2000-09-03
---,137 , AUGER , 72.2 , 30.8 , 53.6 , -7.8 , 194.02 , -46.89 , 53770 , 2006-02-04
---,138 , AUGER , 82 , 30.8 , 53.7 , -7.8 , 194.09 , -46.8 , 53770 , 2006-02-04
---,139 , AGASA , 55.3 , N/A , 54.25 , 69.5 , 136.58 , 11.14 , 0 , ----------
---,140 , HiRes , 27.5 , N/A , 54.63 , 13.216 , 173.43 , -32.82 , 52585 , 2002-11-07
---,141 , HiRes , 39.8 , N/A , 55.30167 , -18.35 , 209.42 , -50.08 , 53354 , 2004-12-15
---,142 , Yakutsk , 82 , 44.9 , 55.7 , 19.6 , 169.16 , -27.51 , 0 , ----------
---,143 , HiRes , 11.7 , N/A , 55.80375 , 35.269 , 158.2 , -15.59 , 52847 , 2003-07-27
---,144 , AGASA , 61.1 , N/A , 56.25 , 44.9 , 152.35 , -7.83 , 0 , ----------
---,145 , AUGER , 53.3 , 38.5 , 56.3 , -3.2 , 190.67 , -42.12 , 56227 , 2012-10-27
---,146 , TA , 61.7 , 34.1 , 56.47 , 64.36 , 140.45 , 7.6 , 0 , ----------
---,147 , AGASA , 71.6 , N/A , 56.5 , 49.5 , 149.63 , -4.11 , 0 , ----------
---,148 , AUGER , 70.7 , 47.6 , 56.6 , -67.8 , 282.45 , -41.7 , 56319 , 2013-01-27
---,149 , AGASA , 48 , N/A , 58 , 27.1 , 165.3 , -20.56 , 0 , ----------
---,150 , Yakutsk , 49 , 12.3 , 58.1 , 60.9 , 143.22 , 5.37 , 0 , ----------
---,151 , HiRes , 29.7 , N/A , 58.68292 , 31.534 , 162.63 , -16.87 , 51899 , 2000-12-21
---,152 , HiRes , 22.9 , N/A , 59.25167 , -3.918 , 193.63 , -40.06 , 53372 , 2005-01-02
---,153 , HiRes , 10.8 , N/A , 59.525 , 41.871 , 156.15 , -8.66 , 53357 , 2004-12-18
---,154 , AUGER , 52.5 , 76.7 , 59.6 , 38.3 , 158.58 , -11.31 , 54414 , 2007-11-10
---,155 , HiRes , 20.6 , N/A , 59.97083 , 33.609 , 162.02 , -14.6 , 52877 , 2003-08-26
---,156 , AGASA , 42.9 , N/A , 60.5 , 51.7 , 150.19 , -0.79 , 0 , ----------
---,157 , TA , 64.5 , 20.7 , 61.6 , 42.91 , 156.61 , -6.86 , 0 , ----------
---,158 , HiRes , 10.7 , N/A , 62.22667 , 15.826 , 177.03 , -25.68 , 53355 , 2004-12-16
---,159 , HiRes , 71.1 , N/A , 63.96167 , 23.243 , 172.26 , -19.49 , 53262 , 2004-09-14
---,160 , HiRes , 14.6 , N/A , 63.995 , 20.402 , 174.53 , -21.38 , 53679 , 2005-11-05
---,161 , AUGER , 56 , 50.7 , 64.1 , -52.7 , 261.47 , -44.46 , 54514 , 2008-02-18
---,162 , AUGER , 70.5 , 58.4 , 64.2 , -46.5 , 252.83 , -45.52 , 55507 , 2010-11-07
---,163 , AUGER , 68.8 , 57.3 , 64.7 , -70.1 , 283.07 , -38.03 , 56482 , 2013-07-09
---,164 , HiRes , 16.9 , N/A , 65.64375 , 11.107 , 183.43 , -26.13 , 51988 , 2001-03-20
---,165 , TA , 68.2 , 54.7 , 66.42 , 39 , 161.98 , -7.12 , 0 , ----------
---,166 , AUGER , 52 , 68.8 , 67.7 , 4 , 191.26 , -28.65 , 54715 , 2008-09-06
---,167 , HiRes , 52.3 , N/A , 67.85875 , -15.905 , 212.37 , -38.02 , 53291 , 2004-10-13
---,168 , TA , 82.6 , 32 , 68.86 , 19.2 , 178.66 , -18.67 , 0 , ----------
---,169 , Yakutsk , 75 , 34.2 , 69.1 , 74.8 , 136.18 , 18.08 , 0 , ----------
---,170 , AGASA , 61.9 , N/A , 69.25 , 5.1 , 191.2 , -26.76 , 0 , ----------
---,171 , AGASA , 54.7 , N/A , 69.5 , 30.1 , 170.38 , -11.23 , 0 , ----------
---,172 , AGASA , 48.9 , N/A , 70.25 , 29.9 , 170.96 , -10.87 , 0 , ----------
---,173 , Yakutsk , 160 , 47.7 , 70.9 , 70.6 , 139.96 , 15.88 , 0 , ----------
---,174 , HiRes , 12.8 , N/A , 70.90292 , 16.105 , 182.5 , -19.03 , 52935 , 2003-10-23
---,175 , HiRes , 16.1 , N/A , 71.88792 , 78.224 , 133.71 , 20.66 , 53050 , 2004-02-15
---,176 , HiRes , 14.4 , N/A , 72.15292 , 3.078 , 194.85 , -25.43 , 51547 , 2000-01-04
---,177 , AUGER , 60 , 57.9 , 72.8 , -73.5 , 285.61 , -34.33 , 56665 , 2014-01-08
---,178 , HiRes , 17.6 , N/A , 73.01792 , -6.746 , 204.94 , -29.57 , 53676 , 2005-11-02
---,179 , HiRes , 11.7 , N/A , 73.07792 , 72.319 , 138.97 , 17.47 , 52995 , 2003-12-22
---,180 , AUGER , 71.9 , 60.7 , 73.7 , -20.5 , 220.14 , -34.47 , 56344 , 2013-02-21
---,181 , AGASA , 40.8 , N/A , 74 , 18 , 182.75 , -15.53 , 0 , ----------
---,182 , HiRes , 13.2 , N/A , 74.19667 , 30.132 , 172.96 , -8.07 , 51552 , 2000-01-09
---,183 , HiRes , 22.3 , N/A , 74.72375 , 36.063 , 168.54 , -4.07 , 52694 , 2003-02-24
---,184 , Yakutsk , 150 , 58.7 , 75.2 , 45.6 , 161.25 , 2.1 , 0 , ----------
---,185 , HiRes , 13.1 , N/A , 75.30083 , 41.495 , 164.54 , -0.36 , 51938 , 2001-01-29
---,186 , HiRes , 17.6 , N/A , 75.30875 , 16.36 , 184.89 , -15.46 , 53350 , 2004-12-11
---,187 , HiRes , 11.4 , N/A , 75.375 , 80.519 , 132.03 , 22.46 , 53406 , 2005-02-05
---,188 , HiRes , 14.9 , N/A , 75.43792 , 37.226 , 167.97 , -2.9 , 51876 , 2000-11-28
---,189 , HiRes , 12.3 , N/A , 75.51 , 36.39 , 168.67 , -3.36 , 51576 , 2000-02-02
---,190 , HiRes , 53.6 , N/A , 75.83292 , 42.818 , 163.73 , 0.76 , 51901 , 2000-12-23
---,191 , HiRes , 11.6 , N/A , 76.36792 , 22.245 , 180.55 , -11.24 , 53615 , 2005-09-02
---,192 , HiRes , 19.4 , N/A , 76.37375 , 62.051 , 148.38 , 12.52 , 53377 , 2005-01-07
---,193 , HiRes , 28.2 , N/A , 76.41667 , 8.903 , 192 , -18.73 , 51935 , 2001-01-26
---,194 , AUGER , 75.6 , 31.8 , 77.2 , -41 , 245.51 , -36.16 , 55855 , 2011-10-21
---,195 , AUGER , 52.9 , 20.7 , 78.3 , -16 , 217.06 , -28.77 , 54878 , 2009-02-16
---,196 , AUGER , 57 , 20.8 , 78.3 , -16 , 217.06 , -28.77 , 54878 , 2009-02-16
---,197 , Yakutsk , 55 , 9.2 , 78.5 , 62.6 , 148.48 , 13.64 , 0 , ----------
---,198 , TA , 61.2 , 23.5 , 78.79 , 61.43 , 149.56 , 13.11 , 0 , ----------
---,199 , HiRes , 11.9 , N/A , 78.89875 , 49.608 , 159.51 , 6.49 , 51880 , 2000-12-02
---,200 , AUGER , 54.3 , 29 , 80.2 , -64.1 , 273.82 , -34.06 , 55516 , 2010-11-16
---,201 , HiRes , 11.8 , N/A , 80.48083 , 33.768 , 173.19 , -1.62 , 52701 , 2003-03-03
---,202 , HiRes , 12.4 , N/A , 80.50167 , 69.699 , 142.65 , 18.07 , 52677 , 2003-02-07
---,203 , HiRes , 50.3 , N/A , 80.92667 , 48.96 , 160.8 , 7.22 , 52940 , 2003-10-28
---,204 , AUGER , 93 , 30.9 , 81.5 , -7.4 , 209.82 , -22.35 , 54443 , 2007-12-09
---,205 , AUGER , 82.4 , 30.9 , 81.6 , -7.4 , 209.87 , -22.26 , 54443 , 2007-12-09
---,206 , AUGER , 53 , 49.9 , 82.1 , 14.6 , 190.11 , -10.98 , 53998 , 2006-09-20
---,207 , TA , 66.5 , 4.4 , 82.19 , 43.12 , 166.18 , 4.72 , 0 , ----------
---,208 , TA , 74.7 , 34.1 , 82.5 , 57.7 , 153.83 , 12.7 , 0 , ----------
---,209 , HiRes , 10.7 , N/A , 82.75792 , -7.407 , 210.43 , -21.23 , 53357 , 2004-12-18
---,210 , AUGER , 63 , 31.7 , 82.8 , -15.8 , 218.73 , -24.71 , 54517 , 2008-02-21
---,211 , AUGER , 56.2 , 31.7 , 82.8 , -15.8 , 218.73 , -24.71 , 54517 , 2008-02-21
---,212 , HiRes , 12.9 , N/A , 84.26792 , 55.054 , 156.67 , 12.19 , 53291 , 2004-10-13
---,213 , AUGER , 72.1 , 49.8 , 84.9 , 14.4 , 191.72 , -8.77 , 55681 , 2011-04-30
---,214 , Yakutsk , 48 , 32.6 , 85.1 , 63.3 , 149.44 , 16.58 , 0 , ----------
---,215 , HiRes , 21.9 , N/A , 85.71667 , -10.886 , 215.13 , -20.11 , 51909 , 2000-12-31
---,216 , TA , 65.4 , 42.7 , 87.59 , 81.53 , 131.92 , 24.61 , 0 , ----------
---,217 , AGASA , 40.7 , N/A , 87.75 , 58.5 , 154.5 , 15.52 , 0 , ----------
---,218 , HiRes , 23.6 , N/A , 88.24167 , 15.426 , 192.49 , -5.47 , 53378 , 2005-01-08
---,219 , HiRes , 48.7 , N/A , 89.02792 , 18.555 , 190.15 , -3.25 , 53049 , 2004-02-14
---,220 , AUGER , 74.8 , 52.2 , 89.2 , -12 , 217.72 , -17.49 , 55344 , 2010-05-28
---,221 , HiRes , 16 , N/A , 89.31583 , -13.181 , 218.9 , -17.88 , 51576 , 2000-02-02
---,222 , HiRes , 21.5 , N/A , 89.595 , 39.595 , 172.11 , 7.65 , 53351 , 2004-12-12
---,223 , AUGER , 57 , 26.2 , 90.5 , -21.3 , 227.25 , -20.07 , 55056 , 2009-08-13
---,224 , HiRes , 11.3 , N/A , 90.73 , 49.069 , 163.99 , 12.82 , 51875 , 2000-11-27
---,225 , HiRes , 14.5 , N/A , 90.88792 , 29.718 , 181.29 , 3.76 , 51879 , 2000-12-01
---,226 , HiRes , 37.5 , N/A , 91.13167 , -25.423 , 231.57 , -21.05 , 51993 , 2001-03-25
---,227 , HiRes , 16.3 , N/A , 91.135 , -27.355 , 233.51 , -21.73 , 52581 , 2002-11-03
---,228 , AUGER , 72.5 , 51.4 , 91.4 , -60.6 , 269.57 , -28.96 , 56644 , 2013-12-18
---,229 , AUGER , 65.4 , 55 , 92.1 , -64.1 , 273.59 , -28.87 , 56541 , 2013-09-06
---,230 , HiRes , 16.7 , N/A , 92.17667 , 54.837 , 159.02 , 16.12 , 51638 , 2000-04-04
---,231 , HiRes , 13.4 , N/A , 92.385 , 75.274 , 138.75 , 23.57 , 52561 , 2002-10-14
---,232 , HiRes , 10.1 , N/A , 92.54667 , 60.554 , 153.61 , 18.58 , 51824 , 2000-10-07
---,233 , Yakutsk , 62 , 41 , 92.6 , 74 , 140.1 , 23.24 , 0 , ----------
---,234 , HiRes , 21.5 , N/A , 93.35083 , 34.432 , 178.13 , 7.84 , 53355 , 2004-12-16
---,235 , TA , 88.8 , 46.9 , 93.5 , 20.82 , 190.23 , 1.53 , 0 , ----------
---,236 , HiRes , 25.2 , N/A , 93.69167 , 5.821 , 203.53 , -5.45 , 52640 , 2003-01-01
---,237 , Yakutsk , 60 , 34.7 , 94.7 , 29.3 , 183.25 , 6.48 , 0 , ----------
---,238 , HiRes , 24.9 , N/A , 94.78292 , 53.666 , 160.78 , 17.05 , 51609 , 2000-03-06
---,239 , HiRes , 13.9 , N/A , 95.25875 , 23.824 , 188.35 , 4.38 , 53460 , 2005-03-31
---,240 , HiRes , 10.4 , N/A , 96.26167 , 28.509 , 184.59 , 7.34 , 53670 , 2005-10-27
---,241 , AUGER , 54.3 , 73.6 , 97.2 , 34.3 , 179.69 , 10.63 , 55220 , 2010-01-24
---,242 , HiRes , 40.8 , N/A , 97.83667 , 12.398 , 199.62 , 1.24 , 51580 , 2000-02-06
---,243 , TA , 80.7 , 34.5 , 99.16 , 62.77 , 152.5 , 22.28 , 0 , ----------
---,244 , HiRes , 10.7 , N/A , 99.49083 , 19.107 , 194.37 , 5.73 , 52611 , 2002-12-03
---,245 , HiRes , 39.2 , N/A , 99.54083 , -13.186 , 223.27 , -8.87 , 53354 , 2004-12-15
---,246 , HiRes , 11.4 , N/A , 100.06167 , 75.306 , 139.23 , 25.47 , 52556 , 2002-10-09
---,247 , HiRes , 17.9 , N/A , 100.70667 , 55.374 , 160.35 , 20.86 , 53053 , 2004-02-18
---,248 , AGASA , 92.5 , N/A , 101 , 34.9 , 180.47 , 13.72 , 0 , ----------
---,249 , HiRes , 15.7 , N/A , 102.025 , 43.204 , 172.81 , 17.62 , 53085 , 2004-03-21
---,250 , HiRes , 24.1 , N/A , 102.34583 , 36.818 , 179.09 , 15.47 , 51908 , 2000-12-30
---,251 , HiRes , 57.4 , N/A , 104.29667 , -22.109 , 233.39 , -8.69 , 52975 , 2003-12-02
---,252 , HiRes , 27 , N/A , 105.24792 , 67.599 , 147.95 , 25.83 , 53358 , 2004-12-19
---,253 , AUGER , 60.8 , 42.6 , 105.9 , -22.9 , 234.76 , -7.7 , 54335 , 2007-08-23
---,254 , AUGER , 66 , 42.6 , 105.9 , -22.9 , 234.76 , -7.7 , 54335 , 2007-08-23
---,255 , HiRes , 126.7 , N/A , 106.115 , -1.866 , 216.07 , 2.04 , 53263 , 2004-09-15
---,256 , HiRes , 24 , N/A , 106.11875 , -10.862 , 224.07 , -2.08 , 53081 , 2004-03-17
---,257 , Yakutsk , 56 , 23.9 , 108.9 , 37.8 , 180.07 , 20.7 , 0 , ----------
---,258 , HiRes , 31.8 , N/A , 110.12167 , 33.646 , 184.6 , 20.26 , 52671 , 2003-02-01
---,259 , AUGER , 70 , 36.2 , 110.2 , -0.9 , 217.09 , 6.11 , 54583 , 2008-04-27
---,260 , AUGER , 62.9 , 36.2 , 110.2 , -0.9 , 217.09 , 6.11 , 54583 , 2008-04-27
---,261 , HiRes , 37.4 , N/A , 112.20667 , -1.624 , 218.67 , 7.56 , 53649 , 2005-10-06
---,262 , HiRes , 44.1 , N/A , 112.58875 , -16.207 , 231.74 , 0.98 , 51903 , 2000-12-25
---,263 , HiRes , 22.1 , N/A , 112.995 , 55.599 , 161.84 , 27.69 , 53115 , 2004-04-20
---,264 , HiRes , 22.4 , N/A , 114.40292 , -6.678 , 224.21 , 7.11 , 51906 , 2000-12-28
---,265 , HiRes , 13.5 , N/A , 114.42792 , 73.078 , 142 , 29.22 , 53436 , 2005-03-07
---,266 , AUGER , 80 , 14.2 , 114.6 , -43 , 256.23 , -10.29 , 53676 , 2005-11-02
---,267 , HiRes , 41.4 , N/A , 114.61667 , 28.392 , 191.3 , 22.1 , 53143 , 2004-05-18
---,268 , AGASA , 40.9 , N/A , 114.75 , 32.2 , 187.44 , 23.46 , 0 , ----------
---,269 , AUGER , 74.9 , 14.2 , 114.8 , -42.8 , 256.12 , -10.07 , 53676 , 2005-11-02
---,270 , TA , 67.1 , 45.5 , 115.13 , -1.45 , 219.9 , 10.22 , 0 , ----------
---,271 , AUGER , 89.3 , 44.4 , 116 , -50.6 , 263.56 , -12.95 , 54729 , 2008-09-20
---,272 , AUGER , 99 , 44.4 , 116 , -50.6 , 263.56 , -12.95 , 54729 , 2008-09-20
---,273 , HiRes , 16.4 , N/A , 116.84 , 68.182 , 147.59 , 30.21 , 52988 , 2003-12-15
---,274 , HiRes , 36.3 , N/A , 116.845 , 17.857 , 202.62 , 20.15 , 51558 , 2000-01-15
---,275 , HiRes , 10.9 , N/A , 117.635 , 59.068 , 158.16 , 30.51 , 52904 , 2003-09-22
---,276 , AUGER , 53.1 , 45.4 , 118.1 , 8.5 , 212.15 , 17.38 , 55506 , 2010-11-06
---,277 , HiRes , 19.1 , N/A , 118.33292 , 70.517 , 144.86 , 30.6 , 51935 , 2001-01-26
---,278 , TA , 73.9 , 54.2 , 118.41 , -1.37 , 221.4 , 13.15 , 0 , ----------
---,279 , AUGER , 55 , 11.4 , 118.6 , -37.4 , 252.8 , -4.89 , 55515 , 2010-11-15
---,280 , HiRes , 10.9 , N/A , 119.375 , 5.808 , 215.26 , 17.32 , 52669 , 2003-01-30
---,281 , Yakutsk , 46 , 29.3 , 119.6 , 37.3 , 183.21 , 28.7 , 0 , ----------
---,282 , TA , 75 , 20.8 , 119.62 , 59.19 , 158.06 , 31.54 , 0 , ----------
---,283 , HiRes , 10.9 , N/A , 119.77292 , 30.093 , 191.11 , 26.91 , 51870 , 2000-11-22
---,284 , TA , 64 , 16.6 , 120.03 , 46.05 , 173.39 , 30.7 , 0 , ----------
---,285 , AUGER , 77.9 , 29.9 , 120.8 , -56.3 , 270.1 , -13.14 , 55764 , 2011-07-22
---,286 , AUGER , 68.7 , 5.1 , 121.1 , -30.6 , 248.09 , 0.43 , 55516 , 2010-11-16
---,287 , AUGER , 64.3 , 22.6 , 121.8 , -52.5 , 267.05 , -10.72 , 53877 , 2006-05-22
---,288 , HiRes , 11.9 , N/A , 122.30667 , 46.098 , 173.59 , 32.27 , 51575 , 2000-02-01
---,289 , AUGER , 55.3 , 52.7 , 122.5 , -78.5 , 291.18 , -22.79 , 55043 , 2009-07-31
---,290 , AUGER , 57 , 52.7 , 122.6 , -78.5 , 291.19 , -22.77 , 55043 , 2009-07-31
---,291 , AUGER , 74.4 , 27.2 , 122.7 , -54.7 , 269.25 , -11.4 , 54909 , 2009-03-19
---,292 , AUGER , 82 , 43.6 , 122.7 , -70.7 , 283.69 , -19.31 , 55317 , 2010-05-01
---,293 , AUGER , 84 , 27.3 , 122.9 , -54.6 , 269.23 , -11.25 , 54909 , 2009-03-19
---,294 , HiRes , 14.3 , N/A , 123 , 13.506 , 209.47 , 23.85 , 53086 , 2004-03-22
---,295 , AUGER , 85.3 , 44.9 , 123.4 , -6.2 , 228.26 , 15.14 , 56426 , 2013-05-14
---,296 , Yakutsk , 65 , 57.4 , 123.5 , 5 , 217.99 , 20.62 , 0 , ----------
---,297 , TA , 60.3 , 25.2 , 123.94 , 22.52 , 200.54 , 28.05 , 0 , ----------
---,298 , AGASA , 101 , N/A , 124.25 , 16.8 , 206.65 , 26.26 , 0 , ----------
---,299 , HiRes , 16 , N/A , 124.52375 , -21.035 , 241.71 , 8.22 , 52646 , 2003-01-07
---,300 , HiRes , 10.8 , N/A , 125.32583 , 35.431 , 186.52 , 32.78 , 53674 , 2005-10-31
---,301 , AUGER , 52 , 59.2 , 125.5 , -59.2 , 273.98 , -12.5 , 55602 , 2011-02-10
---,302 , HiRes , 18.2 , N/A , 125.68667 , 55.368 , 162.59 , 34.85 , 52399 , 2002-05-05
---,303 , AUGER , 63.1 , 47.2 , 126.4 , 5.3 , 219.13 , 23.33 , 54793 , 2008-11-23
---,304 , AUGER , 66 , 47.2 , 126.5 , 5.3 , 219.18 , 23.42 , 54793 , 2008-11-23
---,305 , Yakutsk , 73 , 16.5 , 126.6 , 63.1 , 153.16 , 34.66 , 0 , ----------
---,306 , Yakutsk , 50 , 9.2 , 128.7 , 59.6 , 157.25 , 36.12 , 0 , ----------
---,307 , TA , 57.6 , 19 , 128.77 , 44.51 , 176.02 , 36.65 , 0 , ----------
---,308 , TA , 60.5 , 49.7 , 129.28 , 29.13 , 194.81 , 34.6 , 0 , ----------
---,309 , AUGER , 52.2 , 51.7 , 129.4 , 15.2 , 210.49 , 30.21 , 55028 , 2009-07-16
---,310 , HiRes , 30.3 , N/A , 129.99667 , 18.66 , 206.99 , 32.03 , 51580 , 2000-02-06
---,311 , HiRes , 23.3 , N/A , 130.01292 , 35.853 , 186.87 , 36.6 , 53354 , 2004-12-15
---,312 , HiRes , 24.2 , N/A , 130.19875 , 59.389 , 157.38 , 36.91 , 53355 , 2004-12-16
---,313 , Yakutsk , 85 , 55.7 , 131.3 , 60.6 , 155.77 , 37.25 , 0 , ----------
---,314 , AUGER , 76.1 , 73.8 , 131.9 , -15.5 , 241.1 , 17.12 , 55452 , 2010-09-13
---,315 , AUGER , 55.9 , 72.4 , 132.8 , 12.9 , 214.5 , 32.32 , 55723 , 2011-06-11
---,316 , TA , 81.6 , 26.2 , 132.97 , 52.63 , 165.66 , 39.3 , 0 , ----------
---,317 , TA , 78.8 , 44.2 , 133.62 , 48.55 , 170.9 , 40.02 , 0 , ----------
---,318 , TA , 76.9 , 24.4 , 134.84 , 59.83 , 156.26 , 39.13 , 0 , ----------
---,319 , HiRes , 14.5 , N/A , 136.12 , 8.511 , 220.89 , 33.38 , 52974 , 2003-12-01
---,320 , HiRes , 11.4 , N/A , 136.225 , 45.624 , 174.66 , 41.93 , 52612 , 2002-12-04
---,321 , HiRes , 10.1 , N/A , 136.28792 , 41.953 , 179.6 , 42.02 , 52941 , 2003-10-29
---,322 , HiRes , 14.5 , N/A , 136.845 , 67.481 , 146.6 , 37.71 , 51634 , 2000-03-31
---,323 , TA , 68.9 , 36.1 , 137.13 , 41.5 , 180.22 , 42.64 , 0 , ----------
---,324 , AUGER , 53.6 , 41.9 , 137.3 , 6.2 , 223.99 , 33.34 , 54261 , 2007-06-10
---,325 , HiRes , 48.6 , N/A , 137.89875 , 49.949 , 168.7 , 42.67 , 51901 , 2000-12-23
---,326 , HiRes , 34.6 , N/A , 138.13792 , 25.112 , 202.26 , 41.21 , 53652 , 2005-10-09
---,327 , AUGER , 62.1 , 61.5 , 138.6 , 26.1 , 201.12 , 41.87 , 56411 , 2013-04-29
---,328 , HiRes , 14.9 , N/A , 138.68 , 12.311 , 218.05 , 37.3 , 53358 , 2004-12-19
---,329 , TA , 63.7 , 11.6 , 139.13 , 49.62 , 169 , 43.5 , 0 , ----------
---,330 , TA , 59.2 , 15.2 , 139.66 , 28.72 , 197.93 , 43.36 , 0 , ----------
---,331 , AUGER , 70.8 , 2.9 , 139.8 , -35.8 , 261.82 , 9.61 , 55782 , 2011-08-09
---,332 , HiRes , 15.1 , N/A , 140.50167 , -5.706 , 237.82 , 29.7 , 52726 , 2003-03-28
---,333 , HiRes , 11.8 , N/A , 141.52167 , 19.526 , 210.67 , 42.56 , 52668 , 2003-01-29
---,334 , HiRes , 52.2 , N/A , 141.63167 , 10.871 , 221.29 , 39.29 , 52677 , 2003-02-07
---,335 , AUGER , 54 , 54.5 , 142.3 , -13.1 , 245.68 , 26.57 , 54019 , 2006-10-11
---,336 , HiRes , 16.7 , N/A , 142.43167 , 76.252 , 135.9 , 35.28 , 52784 , 2003-05-25
---,337 , HiRes , 10.9 , N/A , 142.68292 , 19.683 , 210.96 , 43.64 , 52757 , 2003-04-28
---,338 , HiRes , 38.3 , N/A , 143.08583 , 42.232 , 179.01 , 47.05 , 53414 , 2005-02-13
---,339 , AUGER , 61 , 17.2 , 143.2 , -18.3 , 250.65 , 23.81 , 54184 , 2007-03-25
---,340 , AUGER , 60.8 , 17.5 , 143.4 , -18.1 , 250.62 , 24.09 , 54184 , 2007-03-25
---,341 , AGASA , 45.1 , N/A , 144 , 38.6 , 184.34 , 47.9 , 0 , ----------
---,342 , TA , 92.2 , 51.2 , 144.59 , 40.66 , 181.23 , 48.28 , 0 , ----------
---,343 , HiRes , 55.8 , N/A , 144.98 , 4.312 , 230.77 , 39.01 , 51873 , 2000-11-25
---,344 , HiRes , 105.7 , N/A , 145.82167 , 23.731 , 206.65 , 47.62 , 51958 , 2001-02-18
---,345 , AGASA , 41.1 , N/A , 146.75 , 23.7 , 207.02 , 48.43 , 0 , ----------
---,346 , HiRes , 24.1 , N/A , 146.82583 , -8.24 , 244.68 , 33.1 , 53379 , 2005-01-09
---,347 , HiRes , 25.7 , N/A , 147.10875 , 51.777 , 164.35 , 47.94 , 52728 , 2003-03-30
---,348 , AUGER , 64.1 , 42.4 , 147.2 , -18.3 , 253.53 , 26.57 , 54870 , 2009-02-08
---,349 , AUGER , 70 , 42.4 , 147.2 , -18.3 , 253.53 , 26.57 , 54870 , 2009-02-08
---,350 , HiRes , 18.9 , N/A , 147.77792 , 75.81 , 135.41 , 36.59 , 52644 , 2003-01-05
---,351 , AUGER , 57.2 , 36.7 , 148.8 , -13 , 250.4 , 31.37 , 55879 , 2011-11-14
---,352 , HiRes , 11.7 , N/A , 148.88792 , 54.683 , 159.73 , 47.93 , 52962 , 2003-11-19
---,353 , AUGER , 58.4 , 69.6 , 149.2 , 5.5 , 232.41 , 43.2 , 55389 , 2010-07-12
---,354 , HiRes , 58.9 , N/A , 150.01 , 27.99 , 201.4 , 52.2 , 53050 , 2004-02-15
---,355 , AUGER , 100.1 , 25 , 150.1 , -10.3 , 249.11 , 34.15 , 55587 , 2011-01-26
---,356 , Yakutsk , 110 , 46.1 , 150.7 , 16.1 , 219.82 , 49.49 , 0 , ----------
---,357 , HiRes , 42.8 , N/A , 152.21 , 10.096 , 228.99 , 48.13 , 51992 , 2001-03-24
---,358 , TA , 139 , 39.4 , 152.27 , 11.1 , 227.71 , 48.67 , 0 , ----------
---,359 , TA , 59.7 , 4.1 , 152.3 , 36.45 , 187.37 , 54.56 , 0 , ----------
---,360 , TA , 79.3 , 27.5 , 152.44 , 45.84 , 171.64 , 53.05 , 0 , ----------
---,361 , TA , 63.3 , 31.7 , 153.21 , 19.83 , 215.63 , 53.06 , 0 , ----------
---,362 , AUGER , 57 , 27 , 153.6 , -8.6 , 250.55 , 37.81 , 54999 , 2009-06-17
---,363 , AUGER , 70.4 , 67.5 , 154 , -46.3 , 276.93 , 8.57 , 56029 , 2012-04-12
---,364 , AUGER , 53.9 , 41.9 , 154.3 , -15.8 , 257.23 , 33.05 , 56362 , 2013-03-11
---,365 , TA , 69.1 , 24.7 , 154.49 , 26.5 , 205.02 , 55.88 , 0 , ----------
---,366 , AUGER , 84.8 , 54.7 , 154.6 , -46.9 , 277.61 , 8.3 , 56539 , 2013-09-04
---,367 , HiRes , 10.8 , N/A , 155.805 , 23.692 , 210.4 , 56.47 , 53079 , 2004-03-15
---,368 , HiRes , 12.4 , N/A , 156.09375 , -6.496 , 250.87 , 41.05 , 51873 , 2000-11-25
---,369 , HiRes , 16.8 , N/A , 156.14875 , 39.249 , 181.76 , 57.24 , 51940 , 2001-01-31
---,370 , TA , 72.9 , 24.3 , 156.84 , 38.82 , 182.37 , 57.85 , 0 , ----------
---,371 , HiRes , 12.4 , N/A , 156.91 , 68.989 , 139.7 , 43.15 , 53259 , 2004-09-11
---,372 , HiRes , 19.5 , N/A , 157.00375 , 6.027 , 238.13 , 49.92 , 51987 , 2001-03-19
---,373 , TA , 57.8 , 38.8 , 158.6 , 60.26 , 148.41 , 49.53 , 0 , ----------
---,374 , HiRes , 26.3 , N/A , 159.40583 , -26.823 , 269.35 , 27.18 , 52727 , 2003-03-29
---,375 , HiRes , 16.5 , N/A , 159.73083 , -1.032 , 248.98 , 47.47 , 53410 , 2005-02-09
---,376 , TA , 57.4 , 45.7 , 159.75 , 35.56 , 187.97 , 60.64 , 0 , ----------
---,377 , HiRes , 26 , N/A , 160.01583 , 14.707 , 228.34 , 57.03 , 51938 , 2001-01-29
---,378 , AUGER , 56.2 , 59.4 , 160.3 , -3 , 251.62 , 46.48 , 55647 , 2011-03-27
---,379 , HiRes , 16.2 , N/A , 160.37292 , 45.246 , 169.24 , 58.47 , 53405 , 2005-02-04
---,380 , AUGER , 55.5 , 30 , 160.4 , -34.8 , 274.78 , 20.87 , 56541 , 2013-09-06
---,381 , HiRes , 53.3 , N/A , 160.89083 , 42.19 , 174.51 , 59.95 , 51643 , 2000-04-09
---,382 , HiRes , 10.1 , N/A , 161.13792 , 65.172 , 141.83 , 47.03 , 51940 , 2001-01-31
---,383 , HiRes , 12.6 , N/A , 161.59792 , 33.978 , 190.9 , 62.33 , 51573 , 2000-01-30
---,384 , TA , 72.6 , 22 , 161.74 , 17.39 , 225.12 , 59.69 , 0 , ----------
---,385 , HiRes , 14.1 , N/A , 163.32167 , 25 , 210.81 , 63.44 , 52431 , 2002-06-06
---,386 , Yakutsk , 54 , 41.7 , 163.6 , 52.9 , 155.03 , 56.31 , 0 , ----------
---,387 , TA , 62.3 , 10.6 , 163.67 , 28.92 , 202.06 , 64.23 , 0 , ----------
---,388 , AUGER , 73 , 39 , 163.8 , -74.1 , 295.08 , -13.03 , 56589 , 2013-10-24
---,389 , HiRes , 16.8 , N/A , 164.96583 , 46.494 , 164.12 , 60.72 , 53383 , 2005-01-13
---,390 , TA , 62.5 , 36.2 , 165.28 , 52.35 , 154.64 , 57.44 , 0 , ----------
---,391 , HiRes , 17.8 , N/A , 166.07792 , 76.956 , 130.4 , 38.57 , 53563 , 2005-07-12
---,392 , HiRes , 38.2 , N/A , 166.15375 , 64.665 , 139.9 , 48.79 , 52762 , 2003-05-03
---,393 , HiRes , 17 , N/A , 166.72375 , -18.026 , 270.71 , 38.21 , 53350 , 2004-12-11
---,394 , Yakutsk , 67 , 18.9 , 167 , 69.4 , 135.49 , 45.12 , 0 , ----------
---,395 , AUGER , 68 , 22.2 , 167 , -31.2 , 278.25 , 26.66 , 55560 , 2010-12-30
---,396 , AGASA , 72.1 , N/A , 167.25 , 41.8 , 171.27 , 64.45 , 0 , ----------
---,397 , HiRes , 19.4 , N/A , 167.72667 , -5.183 , 262.21 , 49.57 , 53460 , 2005-03-31
---,398 , Yakutsk , 44 , 36.9 , 167.8 , 78 , 129.33 , 37.85 , 0 , ----------
---,399 , AGASA , 53.5 , N/A , 168.25 , 56 , 147.64 , 56.15 , 0 , ----------
---,400 , HiRes , 37.7 , N/A , 168.36083 , -12.65 , 268.92 , 43.65 , 53467 , 2005-04-07
---,401 , HiRes , 14.9 , N/A , 168.45167 , 59.331 , 143.77 , 53.66 , 51993 , 2001-03-25
---,402 , TA , 83.3 , 24 , 168.48 , 57.92 , 145.27 , 54.77 , 0 , ----------
---,403 , AGASA , 77.6 , N/A , 168.5 , 57.6 , 145.61 , 55.02 , 0 , ----------
---,404 , HiRes , 12.8 , N/A , 168.54292 , 26.616 , 208.7 , 68.33 , 51935 , 2001-01-26
---,405 , HiRes , 22.2 , N/A , 168.675 , 62.616 , 140.39 , 51.1 , 51938 , 2001-01-29
---,406 , HiRes , 29.2 , N/A , 168.695 , 6.839 , 250 , 59.37 , 53084 , 2004-03-20
---,407 , HiRes , 26.2 , N/A , 169.23 , 56.125 , 146.75 , 56.41 , 52758 , 2003-04-29
---,408 , HiRes , 13.6 , N/A , 169.93875 , -18.805 , 274.62 , 38.97 , 53358 , 2004-12-19
---,409 , AUGER , 66 , 44.5 , 170.1 , -27.1 , 279.1 , 31.52 , 54911 , 2009-03-21
---,410 , AUGER , 63.8 , 44.4 , 170.1 , -27.4 , 279.24 , 31.24 , 54911 , 2009-03-21
---,411 , HiRes , 15.5 , N/A , 170.135 , 5.713 , 253.57 , 59.56 , 51552 , 2000-01-09
---,412 , HiRes , 12.6 , N/A , 170.55292 , -23.193 , 277.63 , 35.25 , 53462 , 2005-04-02
---,413 , HiRes , 36.1 , N/A , 170.72875 , 29.382 , 201.13 , 70.4 , 53441 , 2005-03-12
---,414 , AUGER , 54.6 , 40.5 , 170.9 , -43.7 , 286.56 , 16.36 , 55538 , 2010-12-08
---,415 , AUGER , 52.5 , 64.2 , 171.3 , -43.8 , 286.88 , 16.36 , 55166 , 2009-12-01
---,416 , HiRes , 15 , N/A , 171.60667 , 62.588 , 138.61 , 51.87 , 52643 , 2003-01-04
---,417 , AGASA , 55 , N/A , 172.25 , 57.1 , 143.28 , 56.65 , 0 , ----------
---,418 , HiRes , 40.2 , N/A , 173.76375 , 55.544 , 143.62 , 58.41 , 53176 , 2004-06-20
---,419 , HiRes , 62.3 , N/A , 174.32292 , 2.468 , 264.03 , 59.61 , 51987 , 2001-03-19
---,420 , HiRes , 10.4 , N/A , 174.33292 , 12.659 , 249.12 , 67.4 , 53386 , 2005-01-16
---,421 , AUGER , 61.5 , 70 , 174.7 , -21.2 , 281.11 , 38.57 , 55241 , 2010-02-14
---,422 , HiRes , 46.3 , N/A , 174.75375 , 86.809 , 124.07 , 30.15 , 52910 , 2003-09-28
---,423 , HiRes , 11.4 , N/A , 174.97 , -5.291 , 272.18 , 53.25 , 53060 , 2004-02-25
---,424 , HiRes , 22.1 , N/A , 175.75083 , -9.635 , 276.31 , 49.66 , 53060 , 2004-02-25
---,425 , HiRes , 10.5 , N/A , 175.78167 , 60.132 , 137.7 , 54.99 , 53198 , 2004-07-12
---,426 , HiRes , 16.1 , N/A , 176.64292 , 31.436 , 192.12 , 75.23 , 53437 , 2005-03-08
---,427 , HiRes , 19.5 , N/A , 177.15083 , 72.487 , 129.41 , 43.84 , 51883 , 2000-12-05
---,428 , AUGER , 58.7 , 50 , 177.2 , 12.5 , 254.78 , 69.28 , 56137 , 2012-07-29
---,429 , AUGER , 61 , 30.1 , 177.7 , -5 , 276.14 , 54.68 , 55135 , 2009-10-31
---,430 , AUGER , 55.6 , 30.1 , 177.7 , -5 , 276.14 , 54.68 , 55135 , 2009-10-31
---,431 , TA , 68.8 , 23.2 , 178.03 , 20.29 , 236.52 , 74.81 , 0 , ----------
---,432 , Yakutsk , 73 , 42.8 , 179.1 , 62.5 , 133.56 , 53.47 , 0 , ----------
---,433 , HiRes , 13.1 , N/A , 179.19083 , 72.424 , 128.63 , 44.09 , 53684 , 2005-11-10
---,434 , AUGER , 54.4 , 33.8 , 179.7 , -68.6 , 298.13 , -6.23 , 55544 , 2010-12-14
---,435 , AUGER , 53.2 , 38.7 , 180.5 , -11.5 , 284.06 , 49.55 , 55400 , 2010-07-23
---,436 , HiRes , 18.6 , N/A , 181.26875 , 41.069 , 154.35 , 73.11 , 51993 , 2001-03-25
---,437 , AUGER , 63.6 , 29.2 , 182.3 , -14.3 , 287.74 , 47.32 , 56621 , 2013-11-25
---,438 , Yakutsk , 70 , 52.2 , 183.3 , 35.6 , 164.46 , 78.24 , 0 , ----------
---,439 , HiRes , 16.8 , N/A , 183.65167 , 51.818 , 136.14 , 64.35 , 53436 , 2005-03-07
---,440 , HiRes , 36.2 , N/A , 183.91083 , 32.342 , 176.91 , 80.64 , 52975 , 2003-12-02
---,441 , Yakutsk , 64 , 23.8 , 184.1 , 47 , 139.75 , 68.96 , 0 , ----------
---,442 , AUGER , 52.4 , 4.4 , 184.4 , -32.4 , 294.69 , 29.92 , 54537 , 2008-03-12
---,443 , AUGER , 77 , 33.3 , 185.3 , -27.9 , 294.82 , 34.49 , 54334 , 2007-08-22
---,444 , AUGER , 68.1 , 33.3 , 185.3 , -27.9 , 294.82 , 34.49 , 54334 , 2007-08-22
---,445 , AUGER , 54 , 71.5 , 185.4 , -24.6 , 294.34 , 37.77 , 55596 , 2011-02-04
---,446 , HiRes , 31.6 , N/A , 185.45 , 3.281 , 285.11 , 65.12 , 53089 , 2004-03-25
---,447 , AUGER , 54.6 , 12.8 , 186.7 , -24.9 , 295.87 , 37.63 , 56689 , 2014-02-01
---,448 , HiRes , 20.2 , N/A , 186.89083 , 5.143 , 287.37 , 67.28 , 52673 , 2003-02-03
---,449 , AUGER , 73 , 28.4 , 186.9 , -63.6 , 300.28 , -0.86 , 54501 , 2008-02-05
---,450 , AUGER , 65.3 , 28.3 , 187.5 , -63.5 , 300.54 , -0.73 , 54501 , 2008-02-05
---,451 , HiRes , 10.4 , N/A , 187.69083 , 61.218 , 127.35 , 55.73 , 53437 , 2005-03-08
---,452 , AUGER , 58.5 , 62.3 , 189 , -5.1 , 295.75 , 57.55 , 56058 , 2012-05-11
---,453 , AUGER , 74.5 , 60.8 , 189.9 , -32.7 , 300.05 , 30.1 , 56687 , 2014-01-30
---,454 , HiRes , 37.7 , N/A , 190.59292 , -31.878 , 300.68 , 30.95 , 53050 , 2004-02-15
---,455 , Yakutsk , 64 , 44.2 , 191 , 42.9 , 127.92 , 74.15 , 0 , ----------
---,456 , HiRes , 26.4 , N/A , 192.18083 , 27.709 , 168.91 , 89.16 , 51960 , 2001-02-20
---,457 , AUGER , 60.7 , 33.6 , 192.5 , -35.3 , 302.6 , 27.56 , 54327 , 2007-08-15
---,458 , AUGER , 52.2 , 55.9 , 192.6 , 17.2 , 301.49 , 80.06 , 54114 , 2007-01-14
---,459 , AUGER , 142 , 14.3 , 192.8 , -21.1 , 302.85 , 41.76 , 54113 , 2007-01-13
---,460 , AUGER , 127.1 , 14.2 , 192.8 , -21.2 , 302.85 , 41.66 , 54113 , 2007-01-13
---,461 , HiRes , 15.1 , N/A , 192.81083 , 54.743 , 122.99 , 62.38 , 53403 , 2005-02-02
---,462 , AGASA , 57.9 , N/A , 193 , 30.6 , 120.93 , 86.52 , 0 , ----------
---,463 , AUGER , 72.5 , 37 , 193.8 , -36.4 , 303.77 , 26.46 , 54904 , 2009-03-14
---,464 , HiRes , 19.7 , N/A , 195.16292 , 38.174 , 113.57 , 78.78 , 53329 , 2004-11-20
---,465 , HiRes , 31.1 , N/A , 195.35167 , -11.863 , 306.8 , 50.93 , 53170 , 2004-06-14
---,466 , AUGER , 61.9 , 76.5 , 195.5 , -63.4 , 304.11 , -0.56 , 54305 , 2007-07-24
---,467 , AUGER , 71.1 , 71.7 , 196.1 , -69.7 , 304.06 , -6.86 , 54820 , 2008-12-20
---,468 , HiRes , 71.5 , N/A , 196.74583 , -21.312 , 307.76 , 41.41 , 53461 , 2005-04-01
---,469 , TA , 61.2 , 36 , 197.78 , 7.74 , 317.36 , 70.05 , 0 , ----------
---,470 , AUGER , 54.7 , 15.4 , 197.8 , -20 , 309.24 , 42.62 , 55378 , 2010-07-01
---,471 , AUGER , 53.2 , 60.2 , 198.8 , -63.9 , 305.54 , -1.16 , 56656 , 2013-12-30
---,472 , AUGER , 55 , 17.1 , 199.1 , -48.5 , 307.19 , 14.16 , 53451 , 2005-03-22
---,473 , AUGER , 52.1 , 17.1 , 199.1 , -48.5 , 307.19 , 14.16 , 53451 , 2005-03-22
---,474 , AUGER , 56.7 , 43.4 , 199.4 , 6.6 , 320.95 , 68.54 , 54607 , 2008-05-21
---,475 , AGASA , 56.8 , N/A , 199.5 , 52.9 , 113.85 , 63.75 , 0 , ----------
---,476 , AUGER , 84.7 , 59.2 , 199.7 , -34.9 , 309.26 , 27.63 , 53146 , 2004-05-21
---,477 , AUGER , 79 , 59.3 , 199.7 , -34.9 , 309.26 , 27.63 , 53146 , 2004-05-21
---,478 , AUGER , 60 , 30.4 , 200.2 , -43.4 , 308.57 , 19.14 , 54169 , 2007-03-10
---,479 , AUGER , 68 , 30.4 , 200.2 , -43.3 , 308.58 , 19.24 , 54169 , 2007-03-10
---,480 , AUGER , 59.5 , 26 , 200.9 , -45.3 , 308.84 , 17.2 , 54034 , 2006-10-26
---,481 , AUGER , 66 , 26 , 200.9 , -45.3 , 308.84 , 17.2 , 54034 , 2006-10-26
---,482 , AUGER , 62.7 , 26.5 , 200.9 , -34.6 , 310.41 , 27.8 , 56319 , 2013-01-27
---,483 , AUGER , 69.5 , 34 , 201.1 , -55.3 , 307.65 , 7.26 , 53816 , 2006-03-22
---,484 , AUGER , 78 , 34 , 201.1 , -55.3 , 307.65 , 7.26 , 53816 , 2006-03-22
---,485 , HiRes , 24.3 , N/A , 201.495 , 41.11 , 98.18 , 74.31 , 51966 , 2001-02-26
---,486 , AUGER , 58 , 20.7 , 201.9 , -54.9 , 308.16 , 7.6 , 54516 , 2008-02-20
---,487 , AUGER , 53.3 , 20.7 , 202 , -54.9 , 308.21 , 7.59 , 54516 , 2008-02-20
---,488 , AUGER , 58.1 , 29 , 202.2 , -16.1 , 315.86 , 45.82 , 54747 , 2008-10-08
---,489 , AUGER , 61 , 28.9 , 202.3 , -16.1 , 315.99 , 45.8 , 54747 , 2008-10-08
---,490 , HiRes , 10.1 , N/A , 202.96083 , 8.685 , 332.19 , 69.22 , 52728 , 2003-03-30
---,491 , AUGER , 66.7 , 6.9 , 203.4 , -33 , 313.03 , 29.04 , 54882 , 2009-02-20
---,492 , HiRes , 12.2 , N/A , 203.65 , 49.735 , 105.67 , 65.92 , 53434 , 2005-03-05
---,493 , AUGER , 65 , 7.1 , 203.7 , -33.1 , 313.29 , 28.89 , 54882 , 2009-02-20
---,494 , TA , 93.5 , 19.6 , 204 , 45.18 , 99.6 , 69.87 , 0 , ----------
---,495 , HiRes , 10.6 , N/A , 204.46792 , 9.68 , 337.24 , 69.39 , 52052 , 2001-05-23
---,496 , TA , 162.2 , 20.6 , 205.08 , 20.05 , 3.2 , 76.76 , 0 , ----------
---,497 , HiRes , 15.3 , N/A , 205.77792 , -20.994 , 318.8 , 40.27 , 53081 , 2004-03-17
---,498 , TA , 64.2 , 42.5 , 206.74 , 24.93 , 26.03 , 77.34 , 0 , ----------
---,499 , AGASA , 52.7 , N/A , 207 , 34.7 , 68.4 , 75.72 , 0 , ----------
---,500 , AUGER , 64.8 , 51.7 , 207.1 , -29.1 , 317.63 , 32.13 , 55925 , 2011-12-30
---,501 , HiRes , 18.4 , N/A , 207.13292 , 50.487 , 101.77 , 64.23 , 51603 , 2000-02-29
---,502 , HiRes , 11.7 , N/A , 207.29083 , 19.517 , 6.08 , 74.73 , 52785 , 2003-05-26
---,503 , HiRes , 34 , N/A , 207.61875 , 44.486 , 92.47 , 68.99 , 53558 , 2005-07-07
---,504 , HiRes , 13.7 , N/A , 207.74 , 45.894 , 94.65 , 67.83 , 52468 , 2002-07-13
---,505 , HiRes , 17.4 , N/A , 207.80667 , 38.125 , 77.92 , 73.32 , 51991 , 2001-03-23
---,506 , HiRes , 16 , N/A , 207.94792 , 5.256 , 338.92 , 63.82 , 52786 , 2003-05-27
---,507 , AUGER , 58.6 , 26.3 , 208.1 , -60.1 , 310.46 , 1.87 , 53286 , 2004-10-08
---,508 , AUGER , 64 , 26.5 , 208.1 , -60.3 , 310.41 , 1.68 , 53286 , 2004-10-08
---,509 , AGASA , 44.6 , N/A , 208.75 , 59.8 , 108.83 , 55.55 , 0 , ----------
---,510 , HiRes , 15.8 , N/A , 208.77375 , 71.67 , 115.97 , 44.59 , 53615 , 2005-09-02
---,511 , HiRes , 11.7 , N/A , 209.48375 , 63.424 , 110.89 , 52.12 , 53108 , 2004-04-13
---,512 , HiRes , 17.4 , N/A , 209.52792 , 59.214 , 107.74 , 55.9 , 51875 , 2000-11-27
---,513 , AUGER , 74 , 31.5 , 209.6 , -31.3 , 319.34 , 29.42 , 54827 , 2008-12-27
---,514 , AUGER , 84 , 31.4 , 209.6 , -31.3 , 319.34 , 29.42 , 54827 , 2008-12-27
---,515 , TA , 75.6 , 18.8 , 210.35 , 57.55 , 105.62 , 57.16 , 0 , ----------
---,516 , AGASA , 62.2 , N/A , 210.5 , 49.9 , 96.96 , 63.52 , 0 , ----------
---,517 , HiRes , 15.6 , N/A , 210.82167 , 86.153 , 121.55 , 30.78 , 51609 , 2000-03-06
---,518 , AUGER , 58.9 , 50.6 , 211.1 , 15 , 1.05 , 69.14 , 56467 , 2013-06-24
---,519 , HiRes , 12.3 , N/A , 211.94083 , 34.407 , 61.57 , 72.1 , 51632 , 2000-03-29
---,520 , AGASA , 49.8 , N/A , 212 , 37.1 , 69.39 , 71.02 , 0 , ----------
---,521 , TA , 58 , 44.9 , 212.37 , -4.78 , 336.44 , 52.93 , 0 , ----------
---,522 , AUGER , 68 , 35.3 , 212.7 , -3.2 , 338.26 , 54.13 , 54321 , 2007-08-09
---,523 , AUGER , 52.3 , 70.7 , 212.7 , 29.9 , 46.64 , 72.37 , 55081 , 2009-09-07
---,524 , AUGER , 67.8 , 35.5 , 212.8 , -3.1 , 338.5 , 54.16 , 54321 , 2007-08-09
---,525 , HiRes , 15.1 , N/A , 213.82792 , 56.663 , 101.82 , 56.89 , 52729 , 2003-03-31
---,526 , AGASA , 49.7 , N/A , 214.25 , 37.7 , 68.75 , 69.15 , 0 , ----------
---,527 , HiRes , 27 , N/A , 214.48 , 75.57 , 116 , 40.37 , 52727 , 2003-03-29
---,528 , HiRes , 15.6 , N/A , 215 , 25.666 , 33.73 , 70.13 , 53435 , 2005-03-06
---,529 , AUGER , 62.7 , 25.5 , 215.5 , -10.1 , 336.53 , 46.77 , 55606 , 2011-02-14
---,530 , AUGER , 60.3 , 32 , 216.1 , -66.5 , 312.02 , -5.29 , 55431 , 2010-08-23
---,531 , AUGER , 55.7 , 17 , 217.1 , -24.5 , 329.48 , 33.32 , 56303 , 2013-01-11
---,532 , AUGER , 58.6 , 34.2 , 217.9 , -51.5 , 318.37 , 8.34 , 55119 , 2009-10-15
---,533 , AUGER , 66 , 34.2 , 217.9 , -51.5 , 318.37 , 8.34 , 55119 , 2009-10-15
---,534 , Yakutsk , 46 , 51.1 , 218.1 , 50.4 , 90.19 , 59.82 , 0 , ----------
---,535 , HiRes , 16.5 , N/A , 218.28083 , -12.818 , 337.87 , 43.04 , 51639 , 2000-04-05
---,536 , HiRes , 10.6 , N/A , 218.46875 , 29.451 , 44.85 , 67.37 , 52693 , 2003-02-23
---,537 , TA , 66.8 , 49.7 , 218.49 , 62.54 , 104.54 , 50.77 , 0 , ----------
---,538 , AUGER , 89.1 , 48.6 , 218.8 , -70.8 , 311.32 , -9.64 , 55480 , 2010-10-11
---,539 , TA , 69.2 , 48.3 , 218.81 , 54.11 , 94.84 , 56.98 , 0 , ----------
---,540 , HiRes , 13.9 , N/A , 218.95667 , 38.085 , 66.13 , 65.55 , 52015 , 2001-04-16
---,541 , AUGER , 58.8 , 46.5 , 219.1 , -41.9 , 323.04 , 16.83 , 55801 , 2011-08-28
---,542 , AUGER , 64 , 44.8 , 219.4 , -53.8 , 318.31 , 5.86 , 54286 , 2007-07-05
---,543 , AUGER , 61.5 , 44.9 , 219.5 , -53.9 , 318.33 , 5.75 , 54286 , 2007-07-05
---,544 , TA , 101 , 29.1 , 219.66 , 38.46 , 66.55 , 64.91 , 0 , ----------
---,545 , HiRes , 12.8 , N/A , 219.75875 , 76.492 , 115.12 , 38.96 , 51606 , 2000-03-03
---,546 , HiRes , 15.1 , N/A , 219.78792 , 54.114 , 94.12 , 56.57 , 53358 , 2004-12-19
---,547 , HiRes , 12 , N/A , 220.35167 , -7.561 , 344.38 , 46.27 , 52048 , 2001-05-19
---,548 , AUGER , 82 , 39 , 220.5 , -42.9 , 323.58 , 15.49 , 54552 , 2008-03-27
---,549 , AUGER , 73.1 , 38.9 , 220.6 , -42.8 , 323.69 , 15.55 , 54552 , 2008-03-27
---,550 , HiRes , 11.9 , N/A , 220.715 , 4.953 , 358.02 , 55.41 , 52731 , 2003-04-02
---,551 , AUGER , 60 , 23.4 , 224.5 , -44.2 , 325.63 , 13.01 , 53347 , 2004-12-08
---,552 , HiRes , 21.1 , N/A , 224.68 , 82.366 , 118.11 , 33.53 , 53461 , 2005-04-01
---,553 , AUGER , 58.2 , 23.3 , 224.7 , -44 , 325.86 , 13.12 , 53347 , 2004-12-08
---,554 , HiRes , 38.6 , N/A , 225.62667 , 43.453 , 73.27 , 58.96 , 53060 , 2004-02-25
---,555 , HiRes , 18.8 , N/A , 226.33 , 29.656 , 45.83 , 60.54 , 53081 , 2004-03-17
---,556 , AUGER , 69.6 , 12.4 , 226.4 , -25.7 , 337.28 , 28.07 , 55434 , 2010-08-26
---,557 , TA , 91.8 , 18.4 , 226.68 , 24.5 , 35.68 , 59.53 , 0 , ----------
---,558 , AUGER , 57.7 , 52.8 , 227 , -85.2 , 305.85 , -23.13 , 54866 , 2009-02-04
---,559 , AUGER , 57 , 52.8 , 227.1 , -85.2 , 305.86 , -23.14 , 54866 , 2009-02-04
---,560 , AUGER , 71.1 , 48.1 , 227.6 , 11.9 , 14.74 , 54.06 , 56258 , 2012-11-27
---,561 , AUGER , 64.5 , 71.7 , 227.9 , -21.5 , 341.35 , 30.71 , 55246 , 2010-02-19
---,562 , HiRes , 17.5 , N/A , 227.98875 , 49.201 , 81.76 , 55.16 , 53229 , 2004-08-12
---,563 , HiRes , 19.5 , N/A , 229.08667 , 57.776 , 93.42 , 50.22 , 52676 , 2003-02-06
---,564 , HiRes , 19.5 , N/A , 229.69083 , 69.481 , 106.34 , 42.59 , 53438 , 2005-03-09
---,565 , AUGER , 71.1 , 60.5 , 230.3 , 1.5 , 3.8 , 45.91 , 55636 , 2011-03-16
---,566 , HiRes , 49.3 , N/A , 230.46875 , 6.659 , 10.06 , 48.86 , 52786 , 2003-05-27
---,567 , HiRes , 16.2 , N/A , 231.67375 , 16.377 , 24.42 , 52.55 , 52731 , 2003-04-02
---,568 , HiRes , 17.3 , N/A , 231.81375 , 57.335 , 91.61 , 49.23 , 53639 , 2005-09-26
---,569 , AUGER , 54.9 , 24.6 , 231.9 , -56.6 , 323.21 , -0.02 , 55543 , 2010-12-13
---,570 , HiRes , 11 , N/A , 232.96292 , 8.078 , 13.87 , 47.56 , 53084 , 2004-03-20
---,571 , HiRes , 111.1 , N/A , 233.24375 , 6.597 , 12.26 , 46.53 , 52671 , 2003-02-01
---,572 , HiRes , 20.3 , N/A , 234.645 , -7.294 , 358.66 , 36.89 , 52757 , 2003-04-28
---,573 , TA , 62.5 , 52.2 , 235 , 27.63 , 43.71 , 52.76 , 0 , ----------
---,574 , Yakutsk , 42 , 41.4 , 235.1 , 23.1 , 36.5 , 51.71 , 0 , ----------
---,575 , AGASA , 50.9 , N/A , 236.75 , 41 , 65.62 , 51.55 , 0 , ----------
---,576 , HiRes , 20.5 , N/A , 237.55667 , -1.157 , 6.99 , 38.55 , 53082 , 2004-03-18
---,577 , HiRes , 19.7 , N/A , 238.59875 , 5.398 , 14.82 , 41.39 , 53082 , 2004-03-18
---,578 , AUGER , 60.3 , 39.3 , 239.4 , 3.9 , 13.71 , 39.92 , 55610 , 2011-02-18
---,579 , AUGER , 60.2 , 25.9 , 239.5 , -49.2 , 331.34 , 3.09 , 56716 , 2014-02-28
---,580 , TA , 154.3 , 40.4 , 239.85 , -0.41 , 9.46 , 37.14 , 0 , ----------
---,581 , AUGER , 61.5 , 63.4 , 240.3 , -68.9 , 318.66 , -12.05 , 56514 , 2013-08-10
---,582 , HiRes , 10.3 , N/A , 240.36375 , 83.069 , 116.93 , 31.68 , 53613 , 2005-08-31
---,583 , HiRes , 48.2 , N/A , 240.43083 , -8.479 , 2.11 , 31.77 , 51635 , 2000-04-01
---,584 , HiRes , 17.8 , N/A , 240.77792 , 17.355 , 30.81 , 44.85 , 52467 , 2002-07-12
---,585 , AGASA , 144 , N/A , 241.5 , 23 , 38.74 , 46.01 , 0 , ----------
---,586 , AUGER , 65.2 , 31.1 , 241.6 , -53.5 , 329.49 , -1.01 , 56624 , 2013-11-28
---,587 , HiRes , 17.9 , N/A , 241.66792 , -1.007 , 10.15 , 35.31 , 52051 , 2001-05-22
---,588 , HiRes , 15.3 , N/A , 243.14292 , -19.42 , 354.73 , 22.62 , 53198 , 2004-07-12
---,589 , HiRes , 29.4 , N/A , 243.98292 , 66.723 , 99.33 , 39.76 , 53383 , 2005-01-13
---,590 , AGASA , 45.1 , N/A , 244.25 , -7.2 , 5.99 , 29.59 , 0 , ----------
---,591 , HiRes , 12.7 , N/A , 245.17167 , 64.722 , 96.69 , 40.14 , 52556 , 2002-10-09
---,592 , AUGER , 60 , 64.3 , 245.4 , -30.9 , 347.35 , 13.31 , 56081 , 2012-06-03
---,593 , AUGER , 68.3 , 34.5 , 245.4 , -18.2 , 357.25 , 21.82 , 55776 , 2011-08-03
---,594 , HiRes , 12.5 , N/A , 245.41292 , 11.775 , 26.34 , 38.52 , 52785 , 2003-05-26
---,595 , HiRes , 12.5 , N/A , 245.74667 , 8.533 , 22.86 , 36.77 , 53118 , 2004-04-23
---,596 , AUGER , 54.9 , 79.6 , 245.8 , 8.5 , 22.85 , 36.71 , 54266 , 2007-06-15
---,597 , HiRes , 40.5 , N/A , 246.32583 , -12.698 , 2.5 , 24.62 , 53262 , 2004-09-14
---,598 , HiRes , 10.1 , N/A , 247.05667 , 41.471 , 65.58 , 43.79 , 53440 , 2005-03-11
---,599 , AGASA , 43 , N/A , 247.75 , 34.6 , 56.19 , 42.86 , 0 , ----------
---,600 , HiRes , 10.3 , N/A , 248.00583 , 20.046 , 37.4 , 39.35 , 53503 , 2005-05-13
---,601 , HiRes , 18.3 , N/A , 248.06667 , -8.98 , 6.91 , 25.49 , 52048 , 2001-05-19
---,602 , AUGER , 56.2 , 68.6 , 249.1 , 9.1 , 25.33 , 34.08 , 54914 , 2009-03-24
---,603 , HiRes , 25.1 , N/A , 249.48875 , 70.345 , 102.49 , 36.44 , 52174 , 2001-09-22
---,604 , Yakutsk , 65 , 57.8 , 249.8 , 56.4 , 85.39 , 40.42 , 0 , ----------
---,605 , AUGER , 56.1 , 39 , 250.2 , -73.6 , 317.36 , -17.57 , 55419 , 2010-08-11
---,606 , AUGER , 54 , 68.2 , 250.3 , 1.8 , 18.46 , 29.54 , 54439 , 2007-12-05
---,607 , HiRes , 17.6 , N/A , 250.52375 , -0.103 , 16.72 , 28.37 , 53173 , 2004-06-17
---,608 , HiRes , 10.4 , N/A , 250.97292 , 25.145 , 44.69 , 38.26 , 52048 , 2001-05-19
---,609 , AUGER , 71 , 18.4 , 251.4 , -35.8 , 347.04 , 6.31 , 54911 , 2009-03-21
---,610 , AUGER , 65.8 , 18.4 , 251.4 , -35.8 , 347.04 , 6.31 , 54911 , 2009-03-21
---,611 , AUGER , 64.2 , 16.8 , 252.7 , -22.7 , 358.11 , 13.68 , 54478 , 2008-01-13
---,612 , AUGER , 66 , 17 , 252.8 , -22.6 , 358.25 , 13.66 , 54478 , 2008-01-13
---,613 , TA , 57.6 , 12.7 , 253.12 , 46.43 , 72.17 , 39.39 , 0 , ----------
---,614 , HiRes , 22.8 , N/A , 253.52167 , 46.997 , 72.9 , 39.11 , 53436 , 2005-03-07
---,615 , Yakutsk , 66 , 42.3 , 253.6 , 74.1 , 106.19 , 33.89 , 0 , ----------
---,616 , HiRes , 13.3 , N/A , 253.77375 , 40.792 , 64.94 , 38.71 , 51987 , 2001-03-19
---,617 , HiRes , 15.4 , N/A , 254.89292 , -9.242 , 10.83 , 19.79 , 52792 , 2003-06-02
---,618 , AUGER , 67.3 , 53 , 255.4 , -5.1 , 14.85 , 21.6 , 55680 , 2011-04-29
---,619 , HiRes , 15.9 , N/A , 255.70292 , 48.809 , 75.2 , 37.63 , 51632 , 2000-03-29
---,620 , AGASA , 44.7 , N/A , 255.75 , 31.4 , 53.58 , 35.71 , 0 , ----------
---,621 , HiRes , 19.3 , N/A , 256.38 , 33.857 , 56.67 , 35.7 , 52526 , 2002-09-09
---,622 , HiRes , 13.3 , N/A , 256.64292 , 60.233 , 89.41 , 36.23 , 52723 , 2003-03-25
---,623 , AUGER , 75.3 , 75.5 , 256.7 , 14 , 34.26 , 29.4 , 55112 , 2009-10-08
---,624 , HiRes , 12.2 , N/A , 256.73875 , -8.981 , 12.11 , 18.41 , 52815 , 2003-06-25
---,625 , HiRes , 11.4 , N/A , 257.39792 , 16.24 , 36.93 , 29.66 , 53077 , 2004-03-13
---,626 , HiRes , 11.8 , N/A , 257.96167 , -8.138 , 13.54 , 17.83 , 53173 , 2004-06-17
---,627 , AUGER , 72.9 , 52.1 , 258.1 , -44.9 , 343.04 , -3.32 , 55248 , 2010-02-21
---,628 , AGASA , 69.3 , N/A , 259 , 56.3 , 84.43 , 35.38 , 0 , ----------
---,629 , AUGER , 61.8 , 59.8 , 259.8 , -32.7 , 353.74 , 2.69 , 56109 , 2012-07-01
---,630 , HiRes , 26.1 , N/A , 260.225 , 28.353 , 51.2 , 31.19 , 53257 , 2004-09-09
---,631 , AGASA , 42.7 , N/A , 264.25 , -1.6 , 22.74 , 15.73 , 0 , ----------
---,632 , HiRes , 11.3 , N/A , 265.69667 , 50.274 , 77.35 , 31.23 , 52908 , 2003-09-26
---,633 , AUGER , 57 , 55.3 , 265.9 , 5.9 , 30.47 , 17.76 , 54303 , 2007-07-22
---,634 , AUGER , 65 , 47.7 , 267.1 , -11.4 , 15.43 , 8.44 , 53129 , 2004-05-04
---,635 , AUGER , 62.2 , 47.7 , 267.2 , -11.4 , 15.48 , 8.35 , 53129 , 2004-05-04
---,636 , HiRes , 13.6 , N/A , 267.39792 , 69.557 , 99.89 , 30.67 , 53441 , 2005-03-12
---,637 , AUGER , 73.6 , 74.7 , 267.5 , -68.3 , 325.18 , -19.67 , 56328 , 2013-02-05
---,638 , AUGER , 52.8 , 37.9 , 267.6 , -60.6 , 332.51 , -16.4 , 53790 , 2006-02-24
---,639 , HiRes , 10.4 , N/A , 267.68167 , 70.206 , 100.63 , 30.52 , 52024 , 2001-04-25
---,640 , AUGER , 58 , 37.9 , 267.7 , -60.6 , 332.53 , -16.45 , 53790 , 2006-02-24
---,641 , AGASA , 48.8 , N/A , 268 , 47.9 , 74.85 , 29.43 , 0 , ----------
---,642 , HiRes , 28.6 , N/A , 268.28292 , 45.259 , 71.91 , 28.78 , 53639 , 2005-09-26
---,643 , AUGER , 78.2 , 44.6 , 268.4 , -61 , 332.31 , -16.93 , 53343 , 2004-12-04
---,644 , AUGER , 69.4 , 43.8 , 268.5 , -15.7 , 12.37 , 5.11 , 55580 , 2011-01-19
---,645 , AUGER , 83 , 44.7 , 268.6 , -60.9 , 332.45 , -16.97 , 53343 , 2004-12-04
---,646 , HiRes , 11.7 , N/A , 268.60792 , -4.635 , 22.15 , 10.45 , 53263 , 2004-09-15
---,647 , HiRes , 36 , N/A , 268.79875 , 41.928 , 68.29 , 27.74 , 52911 , 2003-09-29
---,648 , AGASA , 47.8 , N/A , 269 , 74.1 , 105.08 , 29.79 , 0 , ----------
---,649 , Yakutsk , 64 , 22.8 , 270.3 , 67.6 , 97.58 , 29.69 , 0 , ----------
---,650 , Yakutsk , 55 , 5.7 , 270.5 , 64.5 , 94.01 , 29.57 , 0 , ----------
---,651 , HiRes , 17.6 , N/A , 270.88375 , 26.766 , 52.84 , 21.73 , 51667 , 2000-05-03
---,652 , AUGER , 80.2 , 77.1 , 271.1 , 19 , 45.23 , 18.66 , 54475 , 2008-01-10
---,653 , HiRes , 13.1 , N/A , 271.77667 , 5.117 , 32.46 , 12.18 , 53173 , 2004-06-17
---,654 , HiRes , 14.5 , N/A , 272.89583 , 19.642 , 46.55 , 17.35 , 53109 , 2004-04-14
---,655 , HiRes , 19.8 , N/A , 273.975 , 77.56 , 108.93 , 28.35 , 53293 , 2004-10-15
---,656 , Yakutsk , 53 , 20.6 , 274.3 , 54.5 , 82.96 , 26.62 , 0 , ----------
---,657 , AUGER , 64.8 , 66.6 , 275.2 , -57.2 , 337.43 , -18.61 , 53799 , 2006-03-05
---,658 , AUGER , 65.8 , 30.8 , 275.2 , -14.4 , 16.65 , 0.08 , 54802 , 2008-12-02
---,659 , Yakutsk , 45 , 59 , 275.5 , 3.1 , 32.34 , 7.96 , 0 , ----------
---,660 , AUGER , 71 , 31 , 275.5 , -14.4 , 16.79 , -0.18 , 54802 , 2008-12-02
---,661 , AUGER , 65.8 , 9.7 , 276.1 , -33.4 , 0.11 , -9.42 , 55003 , 2009-06-21
---,662 , HiRes , 16.9 , N/A , 276.945 , 31.489 , 59.53 , 18.44 , 52728 , 2003-03-30
---,663 , AUGER , 53.8 , 70.9 , 277.2 , 6.7 , 36.35 , 8.06 , 55390 , 2010-07-13
---,664 , AGASA , 97.9 , N/A , 277.25 , 35.3 , 63.4 , 19.54 , 0 , ----------
---,665 , AUGER , 61.9 , 65.4 , 278.4 , -1.3 , 29.73 , 3.37 , 53603 , 2005-08-21
---,666 , HiRes , 10.4 , N/A , 278.665 , 24.617 , 53.5 , 14.42 , 53614 , 2005-09-01
---,667 , AUGER , 66.9 , 43.3 , 278.8 , 7.9 , 38.15 , 7.18 , 55268 , 2010-03-13
---,668 , HiRes , 13.9 , N/A , 278.96667 , 59.473 , 88.91 , 25.05 , 53239 , 2004-08-22
---,669 , HiRes , 14.8 , N/A , 279.86875 , 66.3 , 96.43 , 25.86 , 53587 , 2005-08-05
---,670 , TA , 76.9 , 14.5 , 280.28 , 41.34 , 70.28 , 19.34 , 0 , ----------
---,671 , HiRes , 53.8 , N/A , 280.51 , 11.38 , 42.05 , 7.22 , 51846 , 2000-10-29
---,672 , HiRes , 21 , N/A , 281.20792 , -23.368 , 11.23 , -9.06 , 52052 , 2001-05-23
---,673 , AGASA , 134 , N/A , 281.25 , 48.3 , 77.54 , 20.92 , 0 , ----------
---,674 , Yakutsk , 65 , 49.1 , 283.5 , 29.4 , 59.79 , 12.42 , 0 , ----------
---,675 , AUGER , 80.9 , 24.5 , 283.7 , -28.6 , 7.35 , -13.29 , 55813 , 2011-09-09
---,676 , Yakutsk , 73 , 22.2 , 283.9 , 49.8 , 79.64 , 19.74 , 0 , ----------
---,677 , AUGER , 54.4 , 62 , 284.5 , -37.6 , 359 , -17.37 , 56611 , 2013-11-15
---,678 , AUGER , 65.2 , 62.3 , 284.7 , -28.2 , 8.09 , -13.93 , 55420 , 2010-08-12
---,679 , AGASA , 43.5 , N/A , 284.75 , 47.8 , 77.84 , 18.54 , 0 , ----------
---,680 , HiRes , 68.5 , N/A , 284.81875 , 42.894 , 73.06 , 16.74 , 53668 , 2005-10-25
---,681 , TA , 120.3 , 25.6 , 285.46 , 33.62 , 64.44 , 12.64 , 0 , ----------
---,682 , TA , 101.4 , 41.2 , 285.74 , -1.69 , 32.74 , -3.34 , 0 , ----------
---,683 , AUGER , 57 , 59.3 , 286.3 , -37.6 , 359.53 , -18.7 , 54838 , 2009-01-07
---,684 , AUGER , 61 , 59.2 , 286.3 , -37.8 , 359.34 , -18.77 , 54838 , 2009-01-07
---,685 , AGASA , 91 , N/A , 286.5 , 77.2 , 108.73 , 25.6 , 0 , ----------
---,686 , AUGER , 52.9 , 22.2 , 286.8 , -55 , 341.75 , -24.12 , 56612 , 2013-11-16
---,687 , HiRes , 28 , N/A , 287.00292 , 22.67 , 55.01 , 6.68 , 53559 , 2005-07-08
---,688 , AUGER , 123 , 49.8 , 287.6 , 1.5 , 36.43 , -3.54 , 54733 , 2008-09-24
---,689 , AUGER , 118.3 , 49.8 , 287.7 , 1.5 , 36.48 , -3.62 , 54733 , 2008-09-24
---,690 , AUGER , 82.3 , 79.4 , 287.7 , -64.9 , 331.09 , -26.42 , 55105 , 2009-10-01
---,691 , AGASA , 75.3 , N/A , 287.75 , 5.3 , 39.88 , -1.92 , 0 , ----------
---,692 , TA , 135.5 , 38.9 , 288.3 , 0.34 , 35.72 , -4.69 , 0 , ----------
---,693 , HiRes , 11.6 , N/A , 289.32083 , 69.933 , 101.15 , 23.2 , 52968 , 2003-11-25
---,694 , HiRes , 14.6 , N/A , 290.13583 , 42.797 , 74.56 , 13.12 , 51837 , 2000-10-20
---,695 , HiRes , 14.8 , N/A , 290.24667 , 69.926 , 101.24 , 22.89 , 53613 , 2005-08-31
---,696 , HiRes , 11.7 , N/A , 291.08667 , 33.739 , 66.61 , 8.47 , 53467 , 2005-04-07
---,697 , HiRes , 13.4 , N/A , 291.60292 , 71.762 , 103.29 , 23 , 53640 , 2005-09-27
---,698 , HiRes , 13.8 , N/A , 293.07875 , 11.263 , 47.62 , -3.78 , 52465 , 2002-07-10
---,699 , HiRes , 20.7 , N/A , 293.37875 , 56.195 , 88.09 , 16.76 , 51875 , 2000-11-27
---,700 , HiRes , 16.4 , N/A , 293.77792 , -2.901 , 35.33 , -11.04 , 53292 , 2004-10-14
---,701 , HiRes , 12.6 , N/A , 293.85083 , 17.001 , 53.02 , -1.66 , 53169 , 2004-06-13
---,702 , AGASA , 46.9 , N/A , 294 , 50.7 , 83.07 , 14.12 , 0 , ----------
---,703 , AGASA , 43.9 , N/A , 294.25 , 71.1 , 102.9 , 21.99 , 0 , ----------
---,704 , HiRes , 10.7 , N/A , 294.27083 , 65.323 , 97.12 , 19.92 , 52172 , 2001-09-20
---,705 , HiRes , 19.6 , N/A , 294.34875 , 25.466 , 60.64 , 2.06 , 53264 , 2004-09-16
---,706 , AUGER , 66 , 26.9 , 294.5 , -20.5 , 19.12 , -19.15 , 55022 , 2009-07-10
---,707 , AUGER , 59.5 , 26.9 , 294.5 , -20.5 , 19.12 , -19.15 , 55022 , 2009-07-10
---,708 , AGASA , 150 , N/A , 294.5 , -5.8 , 33.02 , -12.99 , 0 , ----------
---,709 , AUGER , 54.8 , 71.5 , 295.1 , -27.6 , 12.26 , -22.24 , 55674 , 2011-04-23
---,710 , TA , 124.8 , 15.9 , 295.61 , 43.53 , 77.05 , 9.88 , 0 , ----------
---,711 , HiRes , 10.7 , N/A , 295.61167 , 75.607 , 107.64 , 23.13 , 52436 , 2002-06-11
---,712 , HiRes , 54.8 , N/A , 296.98083 , 16.879 , 54.39 , -4.33 , 52559 , 2002-10-12
---,713 , Yakutsk , 62 , 48.7 , 297.3 , 45.2 , 79.13 , 9.62 , 0 , ----------
---,714 , Yakutsk , 53 , 43.1 , 297.7 , 33.5 , 69.06 , 3.53 , 0 , ----------
---,715 , HiRes , 19.1 , N/A , 297.97 , 15.299 , 53.5 , -5.94 , 53499 , 2005-05-09
---,716 , HiRes , 10.3 , N/A , 298.39 , 70.57 , 102.91 , 20.53 , 52881 , 2003-08-30
---,717 , AGASA , 105 , N/A , 298.5 , 18.7 , 56.7 , -4.65 , 0 , ----------
---,718 , AUGER , 54.6 , 49.4 , 298.7 , 8.8 , 48.18 , -9.81 , 56594 , 2013-10-29
---,719 , HiRes , 12 , N/A , 298.98 , 65.531 , 98.16 , 18.22 , 52910 , 2003-09-28
---,720 , AUGER , 82 , 65.2 , 299 , 19.4 , 57.55 , -4.7 , 53861 , 2006-05-06
---,721 , HiRes , 24 , N/A , 299.57792 , 33.099 , 69.53 , 1.97 , 51879 , 2000-12-01
---,722 , HiRes , 34 , N/A , 300.66 , -2.676 , 38.79 , -17.05 , 52784 , 2003-05-25
---,723 , HiRes , 12.1 , N/A , 300.97792 , 0.539 , 41.91 , -15.82 , 52941 , 2003-10-29
---,724 , HiRes , 17 , N/A , 301.25375 , 42.04 , 77.85 , 5.55 , 51640 , 2000-04-06
---,725 , Yakutsk , 45 , 32.5 , 302.8 , 70.2 , 103.24 , 19.04 , 0 , ----------
---,726 , HiRes , 24 , N/A , 302.845 , 36.46 , 73.81 , 1.5 , 52111 , 2001-07-21
---,727 , AUGER , 52.3 , 73.2 , 303.7 , -68.1 , 327.42 , -32.77 , 55392 , 2010-07-15
---,728 , AUGER , 66.2 , 32.3 , 303.9 , -16.5 , 26.82 , -25.85 , 54861 , 2009-01-30
---,729 , AUGER , 72 , 32.3 , 303.9 , -16.7 , 26.61 , -25.92 , 54861 , 2009-01-30
---,730 , HiRes , 11.7 , N/A , 303.97083 , 20.259 , 60.77 , -8.22 , 52530 , 2002-09-13
---,731 , AUGER , 58.3 , 59.7 , 304.3 , -81.9 , 311.62 , -29.83 , 55050 , 2009-08-07
---,732 , AUGER , 52.6 , 50.7 , 304.4 , -26.2 , 16.71 , -29.64 , 54796 , 2008-11-26
---,733 , HiRes , 34.7 , N/A , 304.79667 , 28.562 , 68.15 , -4.25 , 52816 , 2003-06-26
---,734 , HiRes , 11.4 , N/A , 304.93792 , 15.575 , 57.28 , -11.53 , 53212 , 2004-07-26
---,735 , TA , 59.5 , 45 , 305.06 , 44.36 , 81.32 , 4.49 , 0 , ----------
---,736 , AUGER , 67.4 , 36.1 , 305.5 , -34.5 , 7.63 , -32.73 , 55921 , 2011-12-26
---,737 , AUGER , 60 , 17.6 , 305.6 , -46.3 , 353.62 , -34.57 , 54085 , 2006-12-16
---,738 , AUGER , 55.1 , 20.2 , 306.5 , -55.1 , 342.9 , -35.33 , 54657 , 2008-07-10
---,739 , AUGER , 55 , 20.4 , 306.7 , -55.3 , 342.65 , -35.43 , 54657 , 2008-07-10
---,740 , HiRes , 11.8 , N/A , 306.97875 , 47.686 , 84.83 , 5.3 , 53291 , 2004-10-13
---,741 , HiRes , 13.7 , N/A , 307.84583 , 34.309 , 74.36 , -3.07 , 52559 , 2002-10-12
---,742 , AUGER , 67.3 , 8.8 , 308.1 , -39.5 , 2.13 , -35.66 , 56483 , 2013-07-10
---,743 , TA , 57.3 , 34.3 , 308.45 , 53.91 , 90.47 , 8.16 , 0 , ----------
---,744 , AUGER , 81.4 , 78.2 , 308.8 , 16.1 , 59.83 , -14.34 , 55667 , 2011-04-16
---,745 , AUGER , 99 , 47.3 , 309.4 , -66.8 , 328.46 , -35.16 , 56007 , 2012-03-21
---,746 , Yakutsk , 98 , 9.6 , 309.5 , 67.1 , 101.78 , 15.35 , 0 , ----------
---,747 , HiRes , 13.2 , N/A , 309.75875 , 73.787 , 107.66 , 18.99 , 53519 , 2005-05-29
---,748 , AUGER , 56.8 , 61.6 , 310.6 , -83.1 , 309.99 , -30.17 , 56132 , 2012-07-24
---,749 , HiRes , 17.6 , N/A , 310.79875 , 16.246 , 61.09 , -15.83 , 53142 , 2004-05-17
---,750 , TA , 57.9 , 31.3 , 311.15 , 51.06 , 89.17 , 5.13 , 0 , ----------
---,751 , HiRes , 11.8 , N/A , 311.93375 , 57.952 , 94.92 , 9.03 , 52911 , 2003-09-29
---,752 , HiRes , 14.4 , N/A , 312.29792 , 24.74 , 68.99 , -11.92 , 53269 , 2004-09-21
---,753 , AUGER , 58.4 , 66.7 , 312.9 , -14.2 , 33.13 , -32.95 , 55435 , 2010-08-27
---,754 , AUGER , 52.4 , 40.7 , 313.5 , -16.6 , 30.74 , -34.4 , 55868 , 2011-11-03
---,755 , HiRes , 17.2 , N/A , 313.55583 , -11.015 , 36.89 , -32.22 , 52882 , 2003-08-31
---,756 , HiRes , 12.5 , N/A , 313.59792 , 33.767 , 76.86 , -7.17 , 51877 , 2000-11-29
---,757 , HiRes , 19.7 , N/A , 313.83083 , 1.656 , 49.82 , -26.4 , 52939 , 2003-10-27
---,758 , HiRes , 11.6 , N/A , 314.45 , 42.301 , 83.84 , -2.18 , 53372 , 2005-01-02
---,759 , HiRes , 10.9 , N/A , 314.57375 , 15.18 , 62.42 , -19.4 , 52049 , 2001-05-20
---,760 , HiRes , 13.5 , N/A , 314.75375 , 17.601 , 64.57 , -18.08 , 52466 , 2002-07-11
---,761 , AUGER , 53.2 , 67.3 , 314.9 , -67.3 , 327.13 , -37.08 , 56323 , 2013-01-31
---,762 , AUGER , 62 , 51.5 , 314.9 , -53.4 , 344.48 , -40.37 , 54445 , 2007-12-11
---,763 , Yakutsk , 56 , 27.4 , 315 , 57.8 , 95.84 , 7.67 , 0 , ----------
---,764 , HiRes , 26.9 , N/A , 315.12375 , 87.355 , 120.45 , 25.69 , 53108 , 2004-04-13
---,765 , AUGER , 72.7 , 51.6 , 315.3 , -53.8 , 343.91 , -40.54 , 54445 , 2007-12-11
---,766 , AUGER , 56 , 40 , 315.4 , -0.4 , 48.76 , -28.81 , 53676 , 2005-11-02
---,767 , AUGER , 53.5 , 47.4 , 315.8 , -82.1 , 310.68 , -31.22 , 55401 , 2010-07-24
---,768 , HiRes , 22.7 , N/A , 317.95292 , 2.403 , 53.03 , -29.48 , 52463 , 2002-07-08
---,769 , HiRes , 11.9 , N/A , 318.19375 , 12.188 , 62.13 , -24.01 , 53287 , 2004-10-09
---,770 , HiRes , 18.4 , N/A , 319.00583 , 8.449 , 59.35 , -26.89 , 52495 , 2002-08-09
---,771 , HiRes , 38 , N/A , 319.82583 , 23.044 , 72.18 , -18.3 , 51791 , 2000-09-04
---,772 , TA , 57.4 , 38.1 , 319.95 , 15.87 , 66.43 , -23.06 , 0 , ----------
---,773 , HiRes , 68.9 , N/A , 320.49667 , 53.078 , 94.5 , 2.18 , 52467 , 2002-07-12
---,774 , HiRes , 14 , N/A , 320.76083 , 0.698 , 53.17 , -32.76 , 52876 , 2003-08-25
---,775 , AUGER , 53.8 , 54 , 321 , 8.1 , 60.36 , -28.68 , 54109 , 2007-01-09
---,776 , AUGER , 56.3 , 57.3 , 322.5 , -2 , 51.57 , -35.69 , 53853 , 2006-04-28
---,777 , HiRes , 11.2 , N/A , 323.28167 , 29.926 , 79.63 , -15.83 , 52935 , 2003-10-23
---,778 , HiRes , 21 , N/A , 323.79792 , 34.159 , 83 , -13.1 , 53622 , 2005-09-09
---,779 , HiRes , 40.8 , N/A , 323.99 , 58.353 , 99.57 , 4.64 , 51667 , 2000-05-03
---,780 , AGASA , 74.6 , N/A , 324.25 , 8.1 , 62.64 , -31.22 , 0 , ----------
---,781 , AUGER , 75.6 , 53.8 , 324.5 , 17.9 , 71.24 , -25 , 55422 , 2010-08-14
---,782 , AUGER , 79.7 , 17.9 , 325.5 , -33.4 , 12.23 , -48.97 , 54293 , 2007-07-12
---,783 , AUGER , 87 , 17.9 , 325.5 , -33.4 , 12.23 , -48.97 , 54293 , 2007-07-12
---,784 , AUGER , 73 , 21.1 , 325.7 , -15.6 , 37.73 , -44.87 , 54395 , 2007-10-22
---,785 , AUGER , 65.9 , 21.1 , 325.7 , -15.5 , 37.86 , -44.83 , 54395 , 2007-10-22
---,786 , AUGER , 70 , 78.4 , 325.8 , 42.8 , 90.1 , -7.76 , 55068 , 2009-08-25
---,787 , HiRes , 11.1 , N/A , 325.80667 , 73.085 , 110.19 , 15.06 , 53675 , 2005-11-01
---,788 , HiRes , 27.8 , N/A , 325.84583 , 14.951 , 69.79 , -27.95 , 53269 , 2004-09-21
---,789 , HiRes , 31.6 , N/A , 325.92167 , 25.18 , 77.89 , -20.85 , 53263 , 2004-09-15
---,790 , AUGER , 58.5 , 65.1 , 327.5 , -25.1 , 25.21 , -49.45 , 56573 , 2013-10-08
---,791 , HiRes , 37.1 , N/A , 327.74792 , 47.245 , 94.05 , -5.26 , 52755 , 2003-04-26
---,792 , HiRes , 24.7 , N/A , 328.225 , -6.598 , 50.43 , -42.97 , 53587 , 2005-08-05
---,793 , HiRes , 15.1 , N/A , 328.255 , 17.029 , 73.31 , -28.19 , 53176 , 2004-06-20
---,794 , HiRes , 16.4 , N/A , 328.375 , 31.276 , 83.95 , -17.82 , 52937 , 2003-10-25
---,795 , HiRes , 46.6 , N/A , 328.81792 , 15.427 , 72.44 , -29.7 , 53237 , 2004-08-20
---,796 , AGASA , 48.2 , N/A , 329.25 , 27.6 , 82 , -21.09 , 0 , ----------
---,797 , AUGER , 55.1 , 27.2 , 330.8 , -8.9 , 49.49 , -46.34 , 54971 , 2009-05-20
---,798 , HiRes , 68.1 , N/A , 331.15167 , 26.529 , 82.63 , -23.01 , 52962 , 2003-11-19
---,799 , AUGER , 71.9 , 54.4 , 331.2 , -1.3 , 58.67 , -42.47 , 53433 , 2005-03-04
---,800 , AUGER , 68 , 54.4 , 331.2 , -1.2 , 58.78 , -42.41 , 53433 , 2005-03-04
---,801 , TA , 65.2 , 23.3 , 331.65 , 18.85 , 77.4 , -29.1 , 0 , ----------
---,802 , AUGER , 57 , 39.2 , 331.7 , 2.9 , 63.47 , -40.25 , 54151 , 2007-02-20
---,803 , HiRes , 21.4 , N/A , 331.91792 , -29.601 , 19.11 , -54.08 , 52935 , 2003-10-23
---,804 , AUGER , 55 , 15.4 , 332.9 , -38.2 , 4.28 , -54.9 , 53665 , 2005-10-22
---,805 , HiRes , 13.7 , N/A , 332.95583 , 23.57 , 81.93 , -26.33 , 53204 , 2004-07-18
---,806 , AUGER , 54.9 , 15.3 , 333 , -38.1 , 4.44 , -54.99 , 53665 , 2005-10-22
---,807 , AUGER , 64.9 , 54.1 , 333.8 , -79.2 , 311.24 , -35.27 , 55697 , 2011-05-16
---,808 , HiRes , 12.1 , N/A , 333.91583 , 22.292 , 81.79 , -27.88 , 52913 , 2003-10-01
---,809 , Yakutsk , 68 , 20.4 , 335.2 , 51 , 100.22 , -5.11 , 0 , ----------
---,810 , AGASA , 68.1 , N/A , 335.25 , 38.4 , 93.15 , -15.63 , 0 , ----------
---,811 , HiRes , 15.3 , N/A , 337.74083 , 9.381 , 75.04 , -40.09 , 52638 , 2002-12-30
---,812 , HiRes , 10.8 , N/A , 338.10375 , 0.712 , 67.01 , -46.51 , 53678 , 2005-11-04
---,813 , AUGER , 61.2 , 59 , 339.4 , -63.3 , 324.58 , -47.82 , 54731 , 2008-09-22
---,814 , AGASA , 49.5 , N/A , 340 , 42.6 , 98.62 , -13.99 , 0 , ----------
---,815 , AUGER , 118.3 , 58.5 , 340.6 , 12 , 80.05 , -39.9 , 56722 , 2014-03-06
---,816 , HiRes , 14.3 , N/A , 340.99167 , 39.736 , 97.83 , -16.85 , 52883 , 2003-09-01
---,817 , AUGER , 54.4 , 65.5 , 342.9 , -6.5 , 63.39 , -54.86 , 56119 , 2012-07-11
---,818 , Yakutsk , 44 , 11.2 , 343 , 65.8 , 111.09 , 5.71 , 0 , ----------
---,819 , HiRes , 11.5 , N/A , 343.32375 , 43.969 , 101.49 , -13.93 , 52971 , 2003-11-28
---,820 , AUGER , 92.8 , 47.6 , 343.4 , -71.6 , 315.11 , -42.64 , 55922 , 2011-12-27
---,821 , HiRes , 11.6 , N/A , 343.79167 , 67.374 , 112.07 , 6.98 , 53323 , 2004-11-14
---,822 , HiRes , 14.6 , N/A , 344.39875 , 5.289 , 78.33 , -47.49 , 53667 , 2005-10-24
---,823 , AUGER , 56.4 , 65 , 344.5 , -19.9 , 42.38 , -63.08 , 55768 , 2011-07-26
---,824 , HiRes , 11 , N/A , 345.06292 , 39.724 , 100.73 , -18.31 , 52616 , 2002-12-08
---,825 , HiRes , 34 , N/A , 345.28583 , 52.792 , 106.56 , -6.54 , 52904 , 2003-09-22
---,826 , AUGER , 63.4 , 47.9 , 345.4 , -9 , 62.69 , -58.36 , 56516 , 2013-08-12
---,827 , HiRes , 18.8 , N/A , 345.50667 , 44.821 , 103.31 , -13.85 , 53648 , 2005-10-05
---,828 , HiRes , 10.1 , N/A , 345.73167 , 55.709 , 108 , -3.99 , 53557 , 2005-07-06
---,829 , AGASA , 104 , N/A , 345.75 , 33.9 , 98.51 , -23.78 , 0 , ----------
---,830 , HiRes , 11.9 , N/A , 347.375 , 13.376 , 88.31 , -42.54 , 52582 , 2002-11-04
---,831 , TA , 122.2 , 38 , 347.73 , 39.46 , 102.59 , -19.41 , 0 , ----------
---,832 , AGASA , 120 , N/A , 349 , 12.3 , 89.43 , -44.28 , 0 , ----------
---,833 , HiRes , 45.5 , N/A , 349.15167 , 85.49 , 120.96 , 22.98 , 53355 , 2004-12-16
---,834 , HiRes , 11.2 , N/A , 349.155 , 7.866 , 86.29 , -48.15 , 52531 , 2002-09-14
---,835 , HiRes , 11.2 , N/A , 349.50875 , 21.757 , 95.81 , -36.15 , 51843 , 2000-10-26
---,836 , AUGER , 89 , 58.8 , 349.9 , 9.3 , 88.34 , -47.31 , 53920 , 2006-07-04
---,837 , AUGER , 80 , 59 , 350.1 , 9.5 , 88.74 , -47.24 , 53920 , 2006-07-04
---,838 , Yakutsk , 49 , 26.2 , 351 , 72.9 , 116.52 , 11.12 , 0 , ----------
---,839 , HiRes , 28 , N/A , 351.76083 , 18.948 , 96.71 , -39.59 , 51872 , 2000-11-24
---,840 , AUGER , 111.8 , 50.2 , 352.6 , -20.8 , 47.45 , -70.47 , 54483 , 2008-01-18
---,841 , AUGER , 115 , 50.1 , 352.7 , -20.9 , 47.29 , -70.59 , 54483 , 2008-01-18
---,842 , HiRes , 26.6 , N/A , 353.16875 , 27.87 , 102.4 , -31.85 , 53677 , 2005-11-03
---,843 , HiRes , 18.2 , N/A , 353.62167 , -3.622 , 81.56 , -60.16 , 51513 , 1999-12-01
---,844 , HiRes , 28.9 , N/A , 355.20083 , 39.562 , 108.39 , -21.31 , 53262 , 2004-09-14
---,845 , HiRes , 10 , N/A , 355.31292 , 60.482 , 114.38 , -1.22 , 51868 , 2000-11-20
---,846 , HiRes , 12.3 , N/A , 355.51083 , -0.681 , 87.85 , -58.75 , 53291 , 2004-10-13
---,847 , HiRes , 14.2 , N/A , 355.78875 , -0.172 , 88.81 , -58.45 , 53257 , 2004-09-09
---,848 , TA , 59 , 28.6 , 355.95 , 64.19 , 115.65 , 2.28 , 0 , ----------
---,849 , HiRes , 17.1 , N/A , 356.08083 , -0.157 , 89.31 , -58.58 , 53230 , 2004-08-13
---,850 , Yakutsk , 58 , 42.6 , 356.3 , 23.9 , 104.01 , -36.53 , 0 , ----------
---,851 , AUGER , 57.3 , 59.3 , 357 , -81.1 , 305.91 , -35.66 , 56424 , 2013-05-12
---,852 , HiRes , 12.9 , N/A , 357.39375 , -12.912 , 74.37 , -69.72 , 51822 , 2000-10-05
---,853 , AUGER , 63.6 , 60.8 , 358.2 , -2.8 , 90.45 , -61.92 , 55033 , 2009-07-21
---,854 , AUGER , 56 , 53 , 358.9 , 15.5 , 103.64 , -45.27 , 54670 , 2008-07-23
---,855 , AUGER , 56.7 , 53.1 , 358.9 , 15.5 , 103.64 , -45.27 , 54670 , 2008-07-23
---,856 , HiRes , 14.9 , N/A , 359.36375 , 61.107 , 116.45 , -1.09 , 52644 , 2003-01-05
---,857 , TA , 67.4 , 8.9 , 359.91 , 31.47 , 110.16 , -30.12 , 0 , ----------
---,858 , HiRes , 10.9 , N/A , 359.96292 , 2.574 , 98.19 , -57.8 , 53669 , 2005-10-26
